отчёт анализа bdf-шрифта
шрифт: -xos4-Terminus-Bold-R-Normal--16-160-72-72-C-80-ISO10646-1
глифов: 891
аномалий: 410
предложений замены: 410


описание метрик:
readability  — читаемость глифа, допустимо: 0.400 <= value <= 1.0
proportion   — отношение ширины bitmap к высоте, используется как справочная метрика
density      — доля закрашенных пикселей, допустимо: 0.050 <= value <= 0.850
distinctness — различимость относительно ближайших отличающихся глифов, допустимо: 0.050 <= value <= 1.0


метрики глифов:
glyph                | code  | readability | proportion | density | distinctness
--------------------------------------------------------------------------------
char0                | 0     | 0.539       | 0.500      | 0.281   | 0.088       
space                | 32    | 0.000       | 0.500      | 0.000   | 0.031       
exclam               | 33    | 0.484       | 0.500      | 0.141   | 0.036       
quotedbl             | 34    | 0.324       | 0.500      | 0.094   | 0.059       
numbersign           | 35    | 0.897       | 0.500      | 0.359   | 0.112       
dollar               | 36    | 0.870       | 0.500      | 0.422   | 0.200       
percent              | 37    | 0.817       | 0.500      | 0.266   | 0.162       
ampersand            | 38    | 0.881       | 0.500      | 0.328   | 0.158       
quotesingle          | 39    | 0.420       | 0.500      | 0.047   | 0.027       
parenleft            | 40    | 0.613       | 0.500      | 0.156   | 0.072       
parenright           | 41    | 0.613       | 0.500      | 0.156   | 0.098       
asterisk             | 42    | 0.616       | 0.500      | 0.164   | 0.097       
plus                 | 43    | 0.538       | 0.500      | 0.109   | 0.059       
comma                | 44    | 0.424       | 0.500      | 0.047   | 0.038       
hyphen               | 45    | 0.431       | 0.500      | 0.055   | 0.012       
period               | 46    | 0.396       | 0.500      | 0.031   | 0.025       
slash                | 47    | 0.645       | 0.500      | 0.156   | 0.128       
zero                 | 48    | 0.877       | 0.500      | 0.375   | 0.033       
one                  | 49    | 0.715       | 0.500      | 0.211   | 0.053       
two                  | 50    | 0.781       | 0.500      | 0.250   | 0.122       
three                | 51    | 0.821       | 0.500      | 0.281   | 0.045       
four                 | 52    | 0.801       | 0.500      | 0.266   | 0.141       
five                 | 53    | 0.801       | 0.500      | 0.266   | 0.080       
six                  | 54    | 0.831       | 0.500      | 0.289   | 0.078       
seven                | 55    | 0.710       | 0.500      | 0.195   | 0.138       
eight                | 56    | 0.891       | 0.500      | 0.336   | 0.020       
nine                 | 57    | 0.831       | 0.500      | 0.289   | 0.094       
colon                | 58    | 0.277       | 0.500      | 0.062   | 0.034       
semicolon            | 59    | 0.348       | 0.500      | 0.078   | 0.034       
less                 | 60    | 0.615       | 0.500      | 0.141   | 0.130       
equal                | 61    | 0.359       | 0.500      | 0.109   | 0.083       
greater              | 62    | 0.615       | 0.500      | 0.141   | 0.128       
question             | 63    | 0.679       | 0.500      | 0.211   | 0.128       
at                   | 64    | 0.823       | 0.500      | 0.430   | 0.136       
A                    | 65    | 0.901       | 0.500      | 0.344   | 0.041       
B                    | 66    | 0.897       | 0.500      | 0.359   | 0.033       
C                    | 67    | 0.801       | 0.500      | 0.266   | 0.045       
D                    | 68    | 0.881       | 0.500      | 0.328   | 0.066       
E                    | 69    | 0.791       | 0.500      | 0.258   | 0.045       
F                    | 70    | 0.741       | 0.500      | 0.219   | 0.033       
G                    | 71    | 0.861       | 0.500      | 0.312   | 0.047       
H                    | 72    | 0.891       | 0.500      | 0.336   | 0.041       
I                    | 73    | 0.654       | 0.500      | 0.188   | 0.025       
J                    | 74    | 0.741       | 0.500      | 0.219   | 0.111       
K                    | 75    | 0.861       | 0.500      | 0.312   | 0.047       
L                    | 76    | 0.710       | 0.500      | 0.195   | 0.048       
M                    | 77    | 0.913       | 0.500      | 0.359   | 0.167       
N                    | 78    | 0.897       | 0.500      | 0.359   | 0.039       
O                    | 79    | 0.881       | 0.500      | 0.328   | 0.025       
P                    | 80    | 0.821       | 0.500      | 0.281   | 0.080       
Q                    | 81    | 0.908       | 0.500      | 0.359   | 0.039       
R                    | 82    | 0.901       | 0.500      | 0.344   | 0.066       
S                    | 83    | 0.811       | 0.500      | 0.273   | 0.052       
T                    | 84    | 0.736       | 0.500      | 0.203   | 0.044       
U                    | 85    | 0.871       | 0.500      | 0.320   | 0.034       
V                    | 86    | 0.841       | 0.500      | 0.297   | 0.138       
W                    | 87    | 0.913       | 0.500      | 0.359   | 0.136       
X                    | 88    | 0.841       | 0.500      | 0.297   | 0.120       
Y                    | 89    | 0.776       | 0.500      | 0.234   | 0.070       
Z                    | 90    | 0.761       | 0.500      | 0.234   | 0.130       
bracketleft          | 91    | 0.654       | 0.500      | 0.188   | 0.047       
backslash            | 92    | 0.645       | 0.500      | 0.156   | 0.139       
bracketright         | 93    | 0.654       | 0.500      | 0.188   | 0.088       
asciicircum          | 94    | 0.479       | 0.500      | 0.078   | 0.056       
underscore           | 95    | 0.431       | 0.500      | 0.055   | 0.055       
grave                | 96    | 0.400       | 0.500      | 0.031   | 0.028       
a                    | 97    | 0.738       | 0.500      | 0.242   | 0.042       
b                    | 98    | 0.841       | 0.500      | 0.297   | 0.036       
c                    | 99    | 0.668       | 0.500      | 0.188   | 0.030       
d                    | 100   | 0.841       | 0.500      | 0.297   | 0.053       
e                    | 101   | 0.718       | 0.500      | 0.227   | 0.031       
f                    | 102   | 0.721       | 0.500      | 0.203   | 0.062       
g                    | 103   | 0.871       | 0.500      | 0.320   | 0.036       
h                    | 104   | 0.821       | 0.500      | 0.281   | 0.047       
i                    | 105   | 0.557       | 0.500      | 0.164   | 0.023       
j                    | 106   | 0.738       | 0.500      | 0.242   | 0.094       
k                    | 107   | 0.801       | 0.500      | 0.266   | 0.045       
l                    | 108   | 0.644       | 0.500      | 0.180   | 0.012       
m                    | 109   | 0.869       | 0.500      | 0.336   | 0.064       
n                    | 110   | 0.728       | 0.500      | 0.234   | 0.028       
o                    | 111   | 0.728       | 0.500      | 0.234   | 0.030       
p                    | 112   | 0.841       | 0.500      | 0.297   | 0.045       
q                    | 113   | 0.841       | 0.500      | 0.297   | 0.045       
r                    | 114   | 0.638       | 0.500      | 0.164   | 0.048       
s                    | 115   | 0.678       | 0.500      | 0.195   | 0.047       
t                    | 116   | 0.721       | 0.500      | 0.203   | 0.047       
u                    | 117   | 0.728       | 0.500      | 0.234   | 0.027       
v                    | 118   | 0.688       | 0.500      | 0.203   | 0.133       
w                    | 119   | 0.819       | 0.500      | 0.297   | 0.055       
x                    | 120   | 0.698       | 0.500      | 0.211   | 0.077       
y                    | 121   | 0.851       | 0.500      | 0.305   | 0.034       
z                    | 122   | 0.668       | 0.500      | 0.188   | 0.078       
braceleft            | 123   | 0.649       | 0.500      | 0.172   | 0.053       
bar                  | 124   | 0.582       | 0.500      | 0.156   | 0.023       
braceright           | 125   | 0.649       | 0.500      | 0.172   | 0.059       
asciitilde           | 126   | 0.548       | 0.500      | 0.125   | 0.088       
nbspace              | 160   | 0.000       | 0.500      | 0.000   | 0.031       
exclamdown           | 161   | 0.484       | 0.500      | 0.141   | 0.027       
cent                 | 162   | 0.929       | 0.500      | 0.344   | 0.116       
sterling             | 163   | 0.791       | 0.500      | 0.258   | 0.127       
currency             | 164   | 0.697       | 0.500      | 0.219   | 0.117       
yen                  | 165   | 0.837       | 0.500      | 0.281   | 0.122       
brokenbar            | 166   | 0.367       | 0.500      | 0.125   | 0.048       
section              | 167   | 0.884       | 0.500      | 0.328   | 0.212       
dieresis             | 168   | 0.271       | 0.500      | 0.062   | 0.023       
copyright            | 169   | 0.724       | 0.500      | 0.273   | 0.198       
ordfeminine          | 170   | 0.596       | 0.500      | 0.203   | 0.133       
guillemotleft        | 171   | 0.719       | 0.500      | 0.219   | 0.148       
logicalnot           | 172   | 0.524       | 0.500      | 0.102   | 0.094       
softhyphen           | 173   | 0.408       | 0.500      | 0.039   | 0.017       
registered           | 174   | 0.734       | 0.500      | 0.297   | 0.189       
macron               | 175   | 0.408       | 0.500      | 0.039   | 0.028       
degree               | 176   | 0.522       | 0.500      | 0.109   | 0.072       
plusminus            | 177   | 0.512       | 0.500      | 0.156   | 0.083       
twosuperior          | 178   | 0.550       | 0.500      | 0.125   | 0.078       
threesuperior        | 179   | 0.540       | 0.500      | 0.117   | 0.078       
acute                | 180   | 0.400       | 0.500      | 0.031   | 0.025       
mu                   | 181   | 0.831       | 0.500      | 0.289   | 0.062       
paragraph            | 182   | 0.843       | 0.500      | 0.414   | 0.130       
periodcentered       | 183   | 0.396       | 0.500      | 0.031   | 0.031       
cedilla              | 184   | 0.424       | 0.500      | 0.047   | 0.047       
onesuperior          | 185   | 0.484       | 0.500      | 0.086   | 0.045       
ordmasculine         | 186   | 0.596       | 0.500      | 0.203   | 0.116       
guillemotright       | 187   | 0.719       | 0.500      | 0.219   | 0.162       
onequarter           | 188   | 0.772       | 0.500      | 0.328   | 0.162       
onehalf              | 189   | 0.788       | 0.500      | 0.320   | 0.191       
threequarters        | 190   | 0.786       | 0.500      | 0.336   | 0.184       
questiondown         | 191   | 0.679       | 0.500      | 0.211   | 0.114       
Agrave               | 192   | 0.891       | 0.500      | 0.344   | 0.039       
Aacute               | 193   | 0.891       | 0.500      | 0.344   | 0.042       
Acircumflex          | 194   | 0.857       | 0.500      | 0.367   | 0.030       
Atilde               | 195   | 0.809       | 0.500      | 0.391   | 0.050       
Adieresis            | 196   | 0.841       | 0.500      | 0.375   | 0.031       
Aring                | 197   | 0.879       | 0.500      | 0.391   | 0.048       
AE                   | 198   | 0.883       | 0.500      | 0.383   | 0.100       
Ccedilla             | 199   | 0.894       | 0.500      | 0.312   | 0.056       
Egrave               | 200   | 0.793       | 0.500      | 0.273   | 0.033       
Eacute               | 201   | 0.793       | 0.500      | 0.273   | 0.031       
Ecircumflex          | 202   | 0.798       | 0.500      | 0.297   | 0.033       
Edieresis            | 203   | 0.801       | 0.500      | 0.305   | 0.028       
Igrave               | 204   | 0.632       | 0.500      | 0.203   | 0.033       
Iacute               | 205   | 0.632       | 0.500      | 0.203   | 0.022       
Icircumflex          | 206   | 0.651       | 0.500      | 0.227   | 0.047       
Idieresis            | 207   | 0.671       | 0.500      | 0.234   | 0.059       
Eth                  | 208   | 0.923       | 0.500      | 0.352   | 0.148       
Ntilde               | 209   | 0.792       | 0.500      | 0.406   | 0.086       
Ograve               | 210   | 0.870       | 0.500      | 0.328   | 0.041       
Oacute               | 211   | 0.870       | 0.500      | 0.328   | 0.039       
Ocircumflex          | 212   | 0.875       | 0.500      | 0.352   | 0.028       
Otilde               | 213   | 0.826       | 0.500      | 0.375   | 0.042       
Odieresis            | 214   | 0.858       | 0.500      | 0.359   | 0.028       
multiply             | 215   | 0.637       | 0.500      | 0.172   | 0.105       
Oslash               | 216   | 0.883       | 0.500      | 0.383   | 0.039       
Ugrave               | 217   | 0.929       | 0.500      | 0.352   | 0.041       
Uacute               | 218   | 0.929       | 0.500      | 0.352   | 0.041       
Ucircumflex          | 219   | 0.868       | 0.500      | 0.344   | 0.033       
Udieresis            | 220   | 0.867       | 0.500      | 0.352   | 0.036       
Yacute               | 221   | 0.800       | 0.500      | 0.266   | 0.041       
Thorn                | 222   | 0.821       | 0.500      | 0.281   | 0.127       
germandbls           | 223   | 0.891       | 0.500      | 0.336   | 0.067       
agrave               | 224   | 0.771       | 0.500      | 0.273   | 0.034       
aacute               | 225   | 0.771       | 0.500      | 0.273   | 0.034       
acircumflex          | 226   | 0.777       | 0.500      | 0.297   | 0.028       
atilde               | 227   | 0.786       | 0.500      | 0.320   | 0.050       
adieresis            | 228   | 0.779       | 0.500      | 0.305   | 0.031       
aring                | 229   | 0.871       | 0.500      | 0.320   | 0.047       
ae                   | 230   | 0.789       | 0.500      | 0.273   | 0.106       
ccedilla             | 231   | 0.761       | 0.500      | 0.234   | 0.052       
egrave               | 232   | 0.748       | 0.500      | 0.258   | 0.030       
eacute               | 233   | 0.748       | 0.500      | 0.258   | 0.028       
ecircumflex          | 234   | 0.753       | 0.500      | 0.281   | 0.031       
edieresis            | 235   | 0.755       | 0.500      | 0.289   | 0.025       
igrave               | 236   | 0.557       | 0.500      | 0.164   | 0.025       
iacute               | 237   | 0.557       | 0.500      | 0.164   | 0.023       
icircumflex          | 238   | 0.567       | 0.500      | 0.188   | 0.031       
idieresis            | 239   | 0.567       | 0.500      | 0.195   | 0.036       
eth                  | 240   | 0.841       | 0.500      | 0.297   | 0.045       
ntilde               | 241   | 0.774       | 0.500      | 0.312   | 0.061       
ograve               | 242   | 0.760       | 0.500      | 0.266   | 0.031       
oacute               | 243   | 0.760       | 0.500      | 0.266   | 0.033       
ocircumflex          | 244   | 0.765       | 0.500      | 0.289   | 0.028       
otilde               | 245   | 0.774       | 0.500      | 0.312   | 0.044       
odieresis            | 246   | 0.767       | 0.500      | 0.297   | 0.028       
divide               | 247   | 0.356       | 0.500      | 0.109   | 0.069       
oslash               | 248   | 0.799       | 0.500      | 0.281   | 0.103       
ugrave               | 249   | 0.760       | 0.500      | 0.266   | 0.034       
uacute               | 250   | 0.760       | 0.500      | 0.266   | 0.027       
ucircumflex          | 251   | 0.765       | 0.500      | 0.289   | 0.025       
udieresis            | 252   | 0.767       | 0.500      | 0.297   | 0.022       
yacute               | 253   | 0.892       | 0.500      | 0.336   | 0.036       
thorn                | 254   | 0.934       | 0.500      | 0.344   | 0.055       
ydieresis            | 255   | 0.861       | 0.500      | 0.367   | 0.036       
Amacron              | 256   | 0.853       | 0.500      | 0.383   | 0.044       
amacron              | 257   | 0.761       | 0.500      | 0.281   | 0.038       
Abreve               | 258   | 0.857       | 0.500      | 0.367   | 0.034       
abreve               | 259   | 0.777       | 0.500      | 0.297   | 0.034       
Aogonek              | 260   | 0.900       | 0.500      | 0.398   | 0.069       
aogonek              | 261   | 0.857       | 0.500      | 0.297   | 0.072       
Cacute               | 262   | 0.804       | 0.500      | 0.281   | 0.041       
cacute               | 263   | 0.691       | 0.500      | 0.219   | 0.030       
Ccircumflex          | 264   | 0.810       | 0.500      | 0.305   | 0.044       
ccircumflex          | 265   | 0.692       | 0.500      | 0.242   | 0.045       
Cdotaccent           | 266   | 0.804       | 0.500      | 0.281   | 0.041       
cdotaccent           | 267   | 0.691       | 0.500      | 0.219   | 0.031       
Ccaron               | 268   | 0.810       | 0.500      | 0.305   | 0.044       
ccaron               | 269   | 0.692       | 0.500      | 0.242   | 0.045       
Dcaron               | 270   | 0.875       | 0.500      | 0.352   | 0.086       
dcaron               | 271   | 0.929       | 0.500      | 0.352   | 0.088       
Dcroat               | 272   | 0.923       | 0.500      | 0.352   | 0.148       
dcroat               | 273   | 0.887       | 0.500      | 0.320   | 0.070       
Emacron              | 274   | 0.817       | 0.500      | 0.297   | 0.053       
emacron              | 275   | 0.738       | 0.500      | 0.266   | 0.038       
Ebreve               | 276   | 0.798       | 0.500      | 0.297   | 0.033       
ebreve               | 277   | 0.753       | 0.500      | 0.281   | 0.033       
Edotaccent           | 278   | 0.793       | 0.500      | 0.273   | 0.025       
edotaccent           | 279   | 0.748       | 0.500      | 0.258   | 0.022       
Eogonek              | 280   | 0.914       | 0.500      | 0.312   | 0.062       
eogonek              | 281   | 0.821       | 0.500      | 0.281   | 0.064       
Ecaron               | 282   | 0.798       | 0.500      | 0.297   | 0.033       
ecaron               | 283   | 0.753       | 0.500      | 0.281   | 0.033       
Gcircumflex          | 284   | 0.875       | 0.500      | 0.352   | 0.042       
gcircumflex          | 285   | 0.859       | 0.500      | 0.375   | 0.050       
Gbreve               | 286   | 0.875       | 0.500      | 0.352   | 0.042       
gbreve               | 287   | 0.859       | 0.500      | 0.375   | 0.045       
Gdotaccent           | 288   | 0.870       | 0.500      | 0.328   | 0.044       
gdotaccent           | 289   | 0.909       | 0.500      | 0.352   | 0.031       
Gcommaaccent         | 290   | 0.895       | 0.500      | 0.359   | 0.081       
gcommaaccent         | 291   | 0.886       | 0.500      | 0.367   | 0.044       
Hcircumflex          | 292   | 0.866       | 0.500      | 0.359   | 0.056       
hcircumflex          | 293   | 0.913       | 0.500      | 0.336   | 0.077       
Hbar                 | 294   | 0.913       | 0.500      | 0.359   | 0.108       
hbar                 | 295   | 0.877       | 0.500      | 0.312   | 0.134       
Itilde               | 296   | 0.693       | 0.500      | 0.250   | 0.048       
itilde               | 297   | 0.601       | 0.500      | 0.211   | 0.050       
Imacron              | 298   | 0.694       | 0.500      | 0.234   | 0.048       
imacron              | 299   | 0.562       | 0.500      | 0.172   | 0.038       
Ibreve               | 300   | 0.651       | 0.500      | 0.227   | 0.028       
ibreve               | 301   | 0.567       | 0.500      | 0.188   | 0.030       
Iogonek              | 302   | 0.743       | 0.500      | 0.242   | 0.048       
iogonek              | 303   | 0.663       | 0.500      | 0.219   | 0.052       
Idotaccent           | 304   | 0.632       | 0.500      | 0.203   | 0.027       
dotlessi             | 305   | 0.565       | 0.500      | 0.133   | 0.033       
IJ                   | 306   | 0.903       | 0.500      | 0.367   | 0.075       
ij                   | 307   | 0.861       | 0.500      | 0.367   | 0.120       
Jcircumflex          | 308   | 0.738       | 0.500      | 0.258   | 0.138       
jcircumflex          | 309   | 0.762       | 0.500      | 0.266   | 0.045       
Kcommaaccent         | 310   | 0.895       | 0.500      | 0.359   | 0.055       
kcommaaccent         | 311   | 0.852       | 0.500      | 0.312   | 0.077       
kgreenlandic         | 312   | 0.708       | 0.500      | 0.219   | 0.053       
Lacute               | 313   | 0.701       | 0.500      | 0.211   | 0.070       
lacute               | 314   | 0.620       | 0.500      | 0.195   | 0.025       
Lcommaaccent         | 315   | 0.747       | 0.500      | 0.242   | 0.086       
lcommaaccent         | 316   | 0.656       | 0.500      | 0.227   | 0.045       
Lcaron               | 317   | 0.803       | 0.500      | 0.250   | 0.072       
lcaron               | 318   | 0.638       | 0.500      | 0.219   | 0.031       
Ldot                 | 319   | 0.702       | 0.500      | 0.227   | 0.069       
ldot                 | 320   | 0.663       | 0.500      | 0.211   | 0.039       
Lslash               | 321   | 0.746       | 0.500      | 0.211   | 0.125       
lslash               | 322   | 0.664       | 0.500      | 0.195   | 0.025       
Nacute               | 323   | 0.879       | 0.500      | 0.391   | 0.048       
nacute               | 324   | 0.760       | 0.500      | 0.266   | 0.039       
Ncommaaccent         | 325   | 0.840       | 0.500      | 0.406   | 0.069       
ncommaaccent         | 326   | 0.774       | 0.500      | 0.281   | 0.064       
Ncaron               | 327   | 0.849       | 0.500      | 0.414   | 0.059       
ncaron               | 328   | 0.765       | 0.500      | 0.289   | 0.052       
napostrophe          | 329   | 0.774       | 0.500      | 0.281   | 0.050       
Eng                  | 330   | 0.860       | 0.500      | 0.414   | 0.075       
eng                  | 331   | 0.831       | 0.500      | 0.289   | 0.044       
Omacron              | 332   | 0.872       | 0.500      | 0.367   | 0.039       
omacron              | 333   | 0.750       | 0.500      | 0.273   | 0.038       
Obreve               | 334   | 0.875       | 0.500      | 0.352   | 0.031       
obreve               | 335   | 0.765       | 0.500      | 0.289   | 0.033       
Ohungarumlaut        | 336   | 0.858       | 0.500      | 0.359   | 0.031       
ohungarumlaut        | 337   | 0.767       | 0.500      | 0.297   | 0.031       
OE                   | 338   | 0.893       | 0.500      | 0.375   | 0.095       
oe                   | 339   | 0.829       | 0.500      | 0.305   | 0.064       
Racute               | 340   | 0.891       | 0.500      | 0.344   | 0.098       
racute               | 341   | 0.654       | 0.500      | 0.195   | 0.052       
Rcommaaccent         | 342   | 0.859       | 0.500      | 0.391   | 0.094       
rcommaaccent         | 343   | 0.681       | 0.500      | 0.211   | 0.162       
Rcaron               | 344   | 0.857       | 0.500      | 0.367   | 0.092       
rcaron               | 345   | 0.653       | 0.500      | 0.219   | 0.073       
Sacute               | 346   | 0.793       | 0.500      | 0.273   | 0.073       
sacute               | 347   | 0.702       | 0.500      | 0.227   | 0.044       
Scircumflex          | 348   | 0.798       | 0.500      | 0.297   | 0.070       
scircumflex          | 349   | 0.704       | 0.500      | 0.250   | 0.062       
Scedilla             | 350   | 0.904       | 0.500      | 0.320   | 0.062       
scedilla             | 351   | 0.771       | 0.500      | 0.242   | 0.064       
Scaron               | 352   | 0.798       | 0.500      | 0.297   | 0.070       
scaron               | 353   | 0.704       | 0.500      | 0.250   | 0.056       
Tcedilla             | 354   | 0.834       | 0.500      | 0.250   | 0.053       
tcedilla             | 355   | 0.814       | 0.500      | 0.250   | 0.075       
Tcaron               | 356   | 0.732       | 0.500      | 0.242   | 0.067       
tcaron               | 357   | 0.714       | 0.500      | 0.242   | 0.102       
Tbar                 | 358   | 0.776       | 0.500      | 0.234   | 0.047       
tbar                 | 359   | 0.741       | 0.500      | 0.219   | 0.059       
Utilde               | 360   | 0.835       | 0.500      | 0.367   | 0.048       
utilde               | 361   | 0.774       | 0.500      | 0.312   | 0.044       
Umacron              | 362   | 0.881       | 0.500      | 0.359   | 0.038       
umacron              | 363   | 0.750       | 0.500      | 0.273   | 0.038       
Ubreve               | 364   | 0.899       | 0.500      | 0.375   | 0.044       
ubreve               | 365   | 0.765       | 0.500      | 0.289   | 0.031       
Uring                | 366   | 0.909       | 0.500      | 0.367   | 0.048       
uring                | 367   | 0.861       | 0.500      | 0.312   | 0.044       
Uhungarumlaut        | 368   | 0.867       | 0.500      | 0.352   | 0.034       
uhungarumlaut        | 369   | 0.767       | 0.500      | 0.297   | 0.031       
Uogonek              | 370   | 0.910       | 0.500      | 0.375   | 0.062       
uogonek              | 371   | 0.847       | 0.500      | 0.289   | 0.058       
Wcircumflex          | 372   | 0.858       | 0.500      | 0.383   | 0.155       
wcircumflex          | 373   | 0.869       | 0.500      | 0.352   | 0.088       
Ydieresis            | 376   | 0.784       | 0.500      | 0.281   | 0.119       
Zacute               | 377   | 0.759       | 0.500      | 0.250   | 0.088       
zacute               | 378   | 0.691       | 0.500      | 0.219   | 0.073       
Zdotaccent           | 379   | 0.759       | 0.500      | 0.250   | 0.088       
zdotaccent           | 380   | 0.691       | 0.500      | 0.219   | 0.073       
Zcaron               | 381   | 0.763       | 0.500      | 0.273   | 0.095       
zcaron               | 382   | 0.692       | 0.500      | 0.242   | 0.080       
longs                | 383   | 0.649       | 0.500      | 0.172   | 0.050       
uni0186              | 390   | 0.801       | 0.500      | 0.266   | 0.048       
uni018E              | 398   | 0.791       | 0.500      | 0.258   | 0.097       
Schwa                | 399   | 0.871       | 0.500      | 0.320   | 0.044       
uni0190              | 400   | 0.821       | 0.500      | 0.281   | 0.045       
florin               | 402   | 0.874       | 0.500      | 0.281   | 0.131       
uni019D              | 413   | 0.890       | 0.500      | 0.406   | 0.178       
uni019E              | 414   | 0.821       | 0.500      | 0.281   | 0.041       
Ezh                  | 439   | 0.801       | 0.500      | 0.266   | 0.098       
Scommaaccent         | 536   | 0.864       | 0.500      | 0.320   | 0.066       
scommaaccent         | 537   | 0.714       | 0.500      | 0.242   | 0.064       
Tcommaaccent         | 538   | 0.781       | 0.500      | 0.250   | 0.048       
tcommaaccent         | 539   | 0.759       | 0.500      | 0.250   | 0.075       
uni0232              | 562   | 0.803       | 0.500      | 0.281   | 0.053       
uni0233              | 563   | 0.883       | 0.500      | 0.344   | 0.039       
dotlessj             | 567   | 0.715       | 0.500      | 0.211   | 0.059       
uni0254              | 596   | 0.668       | 0.500      | 0.188   | 0.039       
uni0258              | 600   | 0.718       | 0.500      | 0.227   | 0.048       
schwa                | 601   | 0.718       | 0.500      | 0.227   | 0.048       
uni025B              | 603   | 0.688       | 0.500      | 0.203   | 0.031       
uni0272              | 626   | 0.837       | 0.500      | 0.281   | 0.139       
ezh                  | 658   | 0.801       | 0.500      | 0.266   | 0.167       
commaturnedmod       | 699   | 0.424       | 0.500      | 0.047   | 0.022       
afii57929            | 700   | 0.424       | 0.500      | 0.047   | 0.025       
afii64937            | 701   | 0.424       | 0.500      | 0.047   | 0.031       
circumflex           | 710   | 0.436       | 0.500      | 0.055   | 0.033       
caron                | 711   | 0.436       | 0.500      | 0.055   | 0.034       
breve                | 728   | 0.436       | 0.500      | 0.055   | 0.034       
dotaccent            | 729   | 0.396       | 0.500      | 0.031   | 0.016       
ogonek               | 731   | 0.439       | 0.500      | 0.055   | 0.055       
tilde                | 732   | 0.472       | 0.500      | 0.078   | 0.044       
hungarumlaut         | 733   | 0.449       | 0.500      | 0.062   | 0.028       
gravecomb            | 768   | 0.400       | 0.500      | 0.031   | 0.028       
acutecomb            | 769   | 0.400       | 0.500      | 0.031   | 0.025       
uni0302              | 770   | 0.436       | 0.500      | 0.055   | 0.033       
tildecomb            | 771   | 0.472       | 0.500      | 0.078   | 0.044       
uni0306              | 774   | 0.436       | 0.500      | 0.055   | 0.034       
uni030C              | 780   | 0.436       | 0.500      | 0.055   | 0.034       
uni0329              | 809   | 0.396       | 0.500      | 0.031   | 0.031       
tonos                | 900   | 0.400       | 0.500      | 0.031   | 0.031       
dieresistonos        | 901   | 0.287       | 0.500      | 0.062   | 0.044       
Alphatonos           | 902   | 0.899       | 0.500      | 0.375   | 0.034       
anoteleia            | 903   | 0.396       | 0.500      | 0.031   | 0.031       
Epsilontonos         | 904   | 0.793       | 0.500      | 0.273   | 0.047       
Etatonos             | 905   | 0.881       | 0.500      | 0.336   | 0.061       
Iotatonos            | 906   | 0.744       | 0.500      | 0.219   | 0.036       
Omicrontonos         | 908   | 0.919       | 0.500      | 0.359   | 0.036       
Upsilontonos         | 910   | 0.778       | 0.500      | 0.250   | 0.084       
Omegatonos           | 911   | 0.909       | 0.500      | 0.367   | 0.073       
iotadieresistonos    | 912   | 0.594       | 0.500      | 0.219   | 0.091       
Alpha                | 913   | 0.901       | 0.500      | 0.344   | 0.041       
Beta                 | 914   | 0.897       | 0.500      | 0.359   | 0.033       
Gamma                | 915   | 0.710       | 0.500      | 0.195   | 0.048       
Delta                | 916   | 0.877       | 0.500      | 0.312   | 0.117       
Epsilon              | 917   | 0.791       | 0.500      | 0.258   | 0.045       
Zeta                 | 918   | 0.761       | 0.500      | 0.234   | 0.130       
Eta                  | 919   | 0.891       | 0.500      | 0.336   | 0.041       
Theta                | 920   | 0.885       | 0.500      | 0.344   | 0.019       
Iota                 | 921   | 0.654       | 0.500      | 0.188   | 0.025       
Kappa                | 922   | 0.861       | 0.500      | 0.312   | 0.047       
Lambda               | 923   | 0.837       | 0.500      | 0.281   | 0.102       
Mu                   | 924   | 0.913       | 0.500      | 0.359   | 0.167       
Nu                   | 925   | 0.897       | 0.500      | 0.359   | 0.039       
Xi                   | 926   | 0.429       | 0.500      | 0.148   | 0.127       
Omicron              | 927   | 0.881       | 0.500      | 0.328   | 0.025       
Pi                   | 928   | 0.891       | 0.500      | 0.336   | 0.038       
Rho                  | 929   | 0.821       | 0.500      | 0.281   | 0.080       
Sigma                | 931   | 0.761       | 0.500      | 0.234   | 0.131       
Tau                  | 932   | 0.736       | 0.500      | 0.203   | 0.044       
Upsilon              | 933   | 0.776       | 0.500      | 0.234   | 0.070       
Phi                  | 934   | 0.853       | 0.500      | 0.406   | 0.133       
Chi                  | 935   | 0.841       | 0.500      | 0.297   | 0.120       
Psi                  | 936   | 0.853       | 0.500      | 0.406   | 0.127       
Omega                | 937   | 0.891       | 0.500      | 0.336   | 0.075       
Iotadieresis         | 938   | 0.671       | 0.500      | 0.234   | 0.059       
Upsilondieresis      | 939   | 0.784       | 0.500      | 0.281   | 0.119       
alphatonos           | 940   | 0.820       | 0.500      | 0.297   | 0.097       
epsilontonos         | 941   | 0.714       | 0.500      | 0.234   | 0.036       
etatonos             | 942   | 0.859       | 0.500      | 0.312   | 0.048       
iotatonos            | 943   | 0.559       | 0.500      | 0.156   | 0.047       
upsilondieresistonos | 944   | 0.777       | 0.500      | 0.289   | 0.052       
alpha                | 945   | 0.779       | 0.500      | 0.266   | 0.094       
beta                 | 946   | 0.900       | 0.500      | 0.383   | 0.092       
gamma                | 947   | 0.796       | 0.500      | 0.250   | 0.125       
delta                | 948   | 0.861       | 0.500      | 0.312   | 0.045       
epsilon              | 949   | 0.688       | 0.500      | 0.203   | 0.031       
zeta                 | 950   | 0.834       | 0.500      | 0.266   | 0.158       
eta                  | 951   | 0.821       | 0.500      | 0.281   | 0.041       
theta                | 952   | 0.866       | 0.500      | 0.328   | 0.098       
iota                 | 953   | 0.565       | 0.500      | 0.125   | 0.066       
kappa                | 954   | 0.708       | 0.500      | 0.219   | 0.053       
lambda               | 955   | 0.796       | 0.500      | 0.250   | 0.148       
mugreek              | 956   | 0.831       | 0.500      | 0.289   | 0.062       
nu                   | 957   | 0.688       | 0.500      | 0.203   | 0.133       
xi                   | 958   | 0.854       | 0.500      | 0.281   | 0.088       
omicron              | 959   | 0.728       | 0.500      | 0.234   | 0.030       
pi                   | 960   | 0.738       | 0.500      | 0.242   | 0.041       
rho                  | 961   | 0.831       | 0.500      | 0.289   | 0.036       
sigma1               | 962   | 0.741       | 0.500      | 0.219   | 0.080       
sigma                | 963   | 0.728       | 0.500      | 0.234   | 0.075       
tau                  | 964   | 0.648       | 0.500      | 0.164   | 0.073       
upsilon              | 965   | 0.718       | 0.500      | 0.227   | 0.023       
phi                  | 966   | 0.913       | 0.500      | 0.359   | 0.072       
chi                  | 967   | 0.841       | 0.500      | 0.297   | 0.203       
psi                  | 968   | 0.893       | 0.500      | 0.375   | 0.069       
omega                | 969   | 0.819       | 0.500      | 0.297   | 0.073       
iotadieresis         | 970   | 0.568       | 0.500      | 0.188   | 0.066       
upsilondieresis      | 971   | 0.755       | 0.500      | 0.289   | 0.022       
omicrontonos         | 972   | 0.760       | 0.500      | 0.266   | 0.033       
upsilontonos         | 973   | 0.748       | 0.500      | 0.258   | 0.031       
omegatonos           | 974   | 0.864       | 0.500      | 0.328   | 0.097       
uni03F3              | 1011  | 0.738       | 0.500      | 0.242   | 0.094       
uni03F4              | 1012  | 0.907       | 0.500      | 0.352   | 0.022       
uni0400              | 1024  | 0.793       | 0.500      | 0.273   | 0.033       
afii10023            | 1025  | 0.801       | 0.500      | 0.305   | 0.028       
afii10051            | 1026  | 0.867       | 0.500      | 0.305   | 0.119       
afii10052            | 1027  | 0.701       | 0.500      | 0.211   | 0.086       
afii10053            | 1028  | 0.791       | 0.500      | 0.258   | 0.055       
afii10054            | 1029  | 0.811       | 0.500      | 0.273   | 0.052       
afii10055            | 1030  | 0.654       | 0.500      | 0.188   | 0.025       
afii10056            | 1031  | 0.671       | 0.500      | 0.234   | 0.059       
afii10057            | 1032  | 0.741       | 0.500      | 0.219   | 0.111       
afii10058            | 1033  | 0.853       | 0.500      | 0.406   | 0.103       
afii10059            | 1034  | 0.823       | 0.500      | 0.430   | 0.098       
afii10060            | 1035  | 0.867       | 0.500      | 0.305   | 0.125       
afii10061            | 1036  | 0.923       | 0.500      | 0.344   | 0.047       
uni040D              | 1037  | 0.879       | 0.500      | 0.391   | 0.050       
afii10062            | 1038  | 0.923       | 0.500      | 0.344   | 0.061       
afii10145            | 1039  | 0.889       | 0.500      | 0.383   | 0.069       
afii10017            | 1040  | 0.901       | 0.500      | 0.344   | 0.041       
afii10018            | 1041  | 0.881       | 0.500      | 0.328   | 0.048       
afii10019            | 1042  | 0.897       | 0.500      | 0.359   | 0.033       
afii10020            | 1043  | 0.710       | 0.500      | 0.195   | 0.048       
afii10021            | 1044  | 0.895       | 0.500      | 0.383   | 0.114       
afii10022            | 1045  | 0.791       | 0.500      | 0.258   | 0.045       
afii10024            | 1046  | 0.792       | 0.500      | 0.453   | 0.156       
afii10025            | 1047  | 0.821       | 0.500      | 0.281   | 0.045       
afii10026            | 1048  | 0.897       | 0.500      | 0.359   | 0.038       
afii10027            | 1049  | 0.849       | 0.500      | 0.414   | 0.055       
afii10028            | 1050  | 0.861       | 0.500      | 0.312   | 0.047       
afii10029            | 1051  | 0.861       | 0.500      | 0.312   | 0.097       
afii10030            | 1052  | 0.913       | 0.500      | 0.359   | 0.167       
afii10031            | 1053  | 0.891       | 0.500      | 0.336   | 0.041       
afii10032            | 1054  | 0.881       | 0.500      | 0.328   | 0.025       
afii10033            | 1055  | 0.891       | 0.500      | 0.336   | 0.038       
afii10034            | 1056  | 0.821       | 0.500      | 0.281   | 0.080       
afii10035            | 1057  | 0.801       | 0.500      | 0.266   | 0.045       
afii10036            | 1058  | 0.736       | 0.500      | 0.203   | 0.044       
afii10037            | 1059  | 0.831       | 0.500      | 0.289   | 0.053       
afii10038            | 1060  | 0.757       | 0.500      | 0.500   | 0.108       
afii10039            | 1061  | 0.841       | 0.500      | 0.297   | 0.120       
afii10040            | 1062  | 0.928       | 0.500      | 0.367   | 0.064       
afii10041            | 1063  | 0.801       | 0.500      | 0.266   | 0.056       
afii10042            | 1064  | 0.762       | 0.500      | 0.477   | 0.083       
afii10043            | 1065  | 0.838       | 0.500      | 0.438   | 0.108       
afii10044            | 1066  | 0.831       | 0.500      | 0.289   | 0.088       
afii10045            | 1067  | 0.703       | 0.500      | 0.422   | 0.116       
afii10046            | 1068  | 0.805       | 0.500      | 0.281   | 0.081       
afii10047            | 1069  | 0.791       | 0.500      | 0.258   | 0.052       
afii10048            | 1070  | 0.782       | 0.500      | 0.461   | 0.097       
afii10049            | 1071  | 0.901       | 0.500      | 0.344   | 0.094       
afii10065            | 1072  | 0.738       | 0.500      | 0.242   | 0.042       
afii10066            | 1073  | 0.871       | 0.500      | 0.320   | 0.052       
afii10067            | 1074  | 0.891       | 0.500      | 0.336   | 0.055       
afii10068            | 1075  | 0.617       | 0.500      | 0.148   | 0.041       
afii10069            | 1076  | 0.871       | 0.500      | 0.320   | 0.036       
afii10070            | 1077  | 0.718       | 0.500      | 0.227   | 0.031       
afii10072            | 1078  | 0.839       | 0.500      | 0.312   | 0.120       
afii10073            | 1079  | 0.688       | 0.500      | 0.203   | 0.039       
afii10074            | 1080  | 0.728       | 0.500      | 0.234   | 0.027       
afii10075            | 1081  | 0.765       | 0.500      | 0.289   | 0.031       
afii10076            | 1082  | 0.708       | 0.500      | 0.219   | 0.053       
afii10077            | 1083  | 0.718       | 0.500      | 0.227   | 0.083       
afii10078            | 1084  | 0.799       | 0.500      | 0.281   | 0.117       
afii10079            | 1085  | 0.738       | 0.500      | 0.242   | 0.048       
afii10080            | 1086  | 0.728       | 0.500      | 0.234   | 0.030       
afii10081            | 1087  | 0.738       | 0.500      | 0.242   | 0.041       
afii10082            | 1088  | 0.841       | 0.500      | 0.297   | 0.045       
afii10083            | 1089  | 0.668       | 0.500      | 0.188   | 0.030       
afii10084            | 1090  | 0.638       | 0.500      | 0.156   | 0.066       
afii10085            | 1091  | 0.851       | 0.500      | 0.305   | 0.034       
afii10086            | 1092  | 0.900       | 0.500      | 0.359   | 0.070       
afii10087            | 1093  | 0.698       | 0.500      | 0.211   | 0.077       
afii10088            | 1094  | 0.814       | 0.500      | 0.273   | 0.045       
afii10089            | 1095  | 0.668       | 0.500      | 0.188   | 0.052       
afii10090            | 1096  | 0.869       | 0.500      | 0.336   | 0.055       
afii10091            | 1097  | 0.874       | 0.500      | 0.320   | 0.080       
afii10092            | 1098  | 0.698       | 0.500      | 0.211   | 0.094       
afii10093            | 1099  | 0.690       | 0.500      | 0.297   | 0.069       
afii10094            | 1100  | 0.677       | 0.500      | 0.203   | 0.089       
afii10095            | 1101  | 0.698       | 0.500      | 0.211   | 0.034       
afii10096            | 1102  | 0.849       | 0.500      | 0.320   | 0.066       
afii10097            | 1103  | 0.748       | 0.500      | 0.250   | 0.081       
uni0450              | 1104  | 0.748       | 0.500      | 0.258   | 0.030       
afii10071            | 1105  | 0.755       | 0.500      | 0.289   | 0.025       
afii10099            | 1106  | 0.940       | 0.500      | 0.367   | 0.111       
afii10100            | 1107  | 0.630       | 0.500      | 0.180   | 0.052       
afii10101            | 1108  | 0.698       | 0.500      | 0.211   | 0.020       
afii10102            | 1109  | 0.678       | 0.500      | 0.195   | 0.047       
afii10103            | 1110  | 0.557       | 0.500      | 0.164   | 0.023       
afii10104            | 1111  | 0.567       | 0.500      | 0.195   | 0.036       
afii10105            | 1112  | 0.738       | 0.500      | 0.242   | 0.094       
afii10106            | 1113  | 0.809       | 0.500      | 0.289   | 0.080       
afii10107            | 1114  | 0.829       | 0.500      | 0.305   | 0.070       
afii10108            | 1115  | 0.877       | 0.500      | 0.312   | 0.134       
afii10109            | 1116  | 0.737       | 0.500      | 0.250   | 0.048       
uni045D              | 1117  | 0.760       | 0.500      | 0.266   | 0.034       
afii10110            | 1118  | 0.877       | 0.500      | 0.359   | 0.033       
afii10193            | 1119  | 0.820       | 0.500      | 0.289   | 0.062       
afii10050            | 1168  | 0.773       | 0.500      | 0.227   | 0.061       
afii10098            | 1169  | 0.679       | 0.500      | 0.180   | 0.066       
uni0492              | 1170  | 0.766       | 0.500      | 0.227   | 0.141       
uni0493              | 1171  | 0.669       | 0.500      | 0.180   | 0.116       
uni0494              | 1172  | 0.893       | 0.500      | 0.320   | 0.116       
uni0495              | 1173  | 0.770       | 0.500      | 0.250   | 0.112       
uni0496              | 1174  | 0.868       | 0.500      | 0.414   | 0.155       
uni0497              | 1175  | 0.844       | 0.500      | 0.297   | 0.091       
uni0498              | 1176  | 0.914       | 0.500      | 0.328   | 0.066       
uni0499              | 1177  | 0.781       | 0.500      | 0.250   | 0.077       
uni049A              | 1178  | 0.948       | 0.500      | 0.352   | 0.053       
uni049B              | 1179  | 0.794       | 0.500      | 0.258   | 0.055       
uni049C              | 1180  | 0.897       | 0.500      | 0.359   | 0.091       
uni049D              | 1181  | 0.758       | 0.500      | 0.258   | 0.073       
uni04A0              | 1184  | 0.897       | 0.500      | 0.328   | 0.161       
uni04A1              | 1185  | 0.729       | 0.500      | 0.227   | 0.108       
uni04A2              | 1186  | 0.918       | 0.500      | 0.375   | 0.050       
uni04A3              | 1187  | 0.824       | 0.500      | 0.281   | 0.064       
uni04A4              | 1188  | 0.917       | 0.500      | 0.344   | 0.094       
uni04A5              | 1189  | 0.759       | 0.500      | 0.250   | 0.086       
uni04AA              | 1194  | 0.894       | 0.500      | 0.312   | 0.053       
uni04AB              | 1195  | 0.761       | 0.500      | 0.234   | 0.052       
uni04AE              | 1198  | 0.776       | 0.500      | 0.234   | 0.070       
uni04AF              | 1199  | 0.796       | 0.500      | 0.250   | 0.125       
uni04B0              | 1200  | 0.817       | 0.500      | 0.266   | 0.047       
uni04B1              | 1201  | 0.837       | 0.500      | 0.281   | 0.119       
uni04B2              | 1202  | 0.932       | 0.500      | 0.336   | 0.086       
uni04B3              | 1203  | 0.784       | 0.500      | 0.250   | 0.067       
uni04B6              | 1206  | 0.892       | 0.500      | 0.305   | 0.083       
uni04B7              | 1207  | 0.754       | 0.500      | 0.227   | 0.069       
uni04B8              | 1208  | 0.841       | 0.500      | 0.297   | 0.075       
uni04B9              | 1209  | 0.698       | 0.500      | 0.211   | 0.067       
uni04BA              | 1210  | 0.801       | 0.500      | 0.266   | 0.067       
uni04BB              | 1211  | 0.688       | 0.500      | 0.203   | 0.086       
uni04D0              | 1232  | 0.857       | 0.500      | 0.367   | 0.034       
uni04D1              | 1233  | 0.777       | 0.500      | 0.297   | 0.034       
uni04D2              | 1234  | 0.841       | 0.500      | 0.375   | 0.031       
uni04D3              | 1235  | 0.779       | 0.500      | 0.305   | 0.031       
uni04D4              | 1236  | 0.883       | 0.500      | 0.383   | 0.100       
uni04D5              | 1237  | 0.789       | 0.500      | 0.273   | 0.106       
uni04D6              | 1238  | 0.798       | 0.500      | 0.297   | 0.033       
uni04D7              | 1239  | 0.753       | 0.500      | 0.281   | 0.033       
uni04D8              | 1240  | 0.871       | 0.500      | 0.320   | 0.044       
afii10846            | 1241  | 0.718       | 0.500      | 0.227   | 0.048       
uni04DA              | 1242  | 0.867       | 0.500      | 0.352   | 0.048       
uni04DB              | 1243  | 0.755       | 0.500      | 0.289   | 0.048       
uni04DC              | 1244  | 0.751       | 0.500      | 0.469   | 0.214       
uni04DD              | 1245  | 0.835       | 0.500      | 0.375   | 0.167       
uni04DE              | 1246  | 0.836       | 0.500      | 0.328   | 0.061       
uni04DF              | 1247  | 0.719       | 0.500      | 0.266   | 0.050       
uni04E2              | 1250  | 0.835       | 0.500      | 0.398   | 0.053       
uni04E3              | 1251  | 0.750       | 0.500      | 0.273   | 0.038       
uni04E4              | 1252  | 0.823       | 0.500      | 0.391   | 0.078       
uni04E5              | 1253  | 0.767       | 0.500      | 0.297   | 0.022       
uni04E6              | 1254  | 0.858       | 0.500      | 0.359   | 0.028       
uni04E7              | 1255  | 0.767       | 0.500      | 0.297   | 0.028       
uni04E8              | 1256  | 0.907       | 0.500      | 0.352   | 0.022       
uni04E9              | 1257  | 0.758       | 0.500      | 0.258   | 0.027       
uni04EA              | 1258  | 0.832       | 0.500      | 0.383   | 0.031       
uni04EB              | 1259  | 0.803       | 0.500      | 0.320   | 0.028       
uni04EC              | 1260  | 0.801       | 0.500      | 0.305   | 0.072       
uni04ED              | 1261  | 0.731       | 0.500      | 0.273   | 0.047       
uni04EE              | 1262  | 0.861       | 0.500      | 0.328   | 0.059       
uni04EF              | 1263  | 0.883       | 0.500      | 0.344   | 0.039       
uni04F0              | 1264  | 0.825       | 0.500      | 0.320   | 0.055       
uni04F1              | 1265  | 0.861       | 0.500      | 0.367   | 0.036       
uni04F2              | 1266  | 0.825       | 0.500      | 0.320   | 0.070       
uni04F3              | 1267  | 0.861       | 0.500      | 0.367   | 0.034       
uni04F4              | 1268  | 0.789       | 0.500      | 0.297   | 0.078       
uni04F5              | 1269  | 0.693       | 0.500      | 0.250   | 0.088       
uni04F8              | 1272  | 0.675       | 0.500      | 0.438   | 0.153       
uni04F9              | 1273  | 0.746       | 0.500      | 0.359   | 0.103       
Klinebelow           | 7732  | 0.890       | 0.500      | 0.352   | 0.048       
klinebelow           | 7733  | 0.828       | 0.500      | 0.305   | 0.070       
Edotbelow            | 7864  | 0.826       | 0.500      | 0.289   | 0.047       
edotbelow            | 7865  | 0.748       | 0.500      | 0.258   | 0.044       
Etilde               | 7868  | 0.808       | 0.500      | 0.320   | 0.047       
etilde               | 7869  | 0.761       | 0.500      | 0.305   | 0.048       
uni1ECA              | 7882  | 0.663       | 0.500      | 0.219   | 0.031       
uni1ECB              | 7883  | 0.570       | 0.500      | 0.195   | 0.038       
Odotbelow            | 7884  | 0.900       | 0.500      | 0.359   | 0.036       
odotbelow            | 7885  | 0.760       | 0.500      | 0.266   | 0.039       
uni1EE4              | 7908  | 0.909       | 0.500      | 0.352   | 0.047       
uni1EE5              | 7909  | 0.760       | 0.500      | 0.266   | 0.041       
Ytilde               | 7928  | 0.790       | 0.500      | 0.297   | 0.094       
ytilde               | 7929  | 0.829       | 0.500      | 0.383   | 0.047       
uni2000              | 8192  | 0.000       | 0.500      | 0.000   | 0.031       
uni2001              | 8193  | 0.000       | 0.500      | 0.000   | 0.031       
enspace              | 8194  | 0.000       | 0.500      | 0.000   | 0.031       
uni2003              | 8195  | 0.000       | 0.500      | 0.000   | 0.031       
uni2004              | 8196  | 0.000       | 0.500      | 0.000   | 0.031       
uni2005              | 8197  | 0.000       | 0.500      | 0.000   | 0.031       
uni2006              | 8198  | 0.000       | 0.500      | 0.000   | 0.031       
uni2007              | 8199  | 0.000       | 0.500      | 0.000   | 0.031       
uni2008              | 8200  | 0.000       | 0.500      | 0.000   | 0.031       
uni2009              | 8201  | 0.000       | 0.500      | 0.000   | 0.031       
uni200A              | 8202  | 0.000       | 0.500      | 0.000   | 0.031       
hyphentwo            | 8208  | 0.408       | 0.500      | 0.039   | 0.017       
uni2011              | 8209  | 0.408       | 0.500      | 0.039   | 0.017       
figuredash           | 8210  | 0.431       | 0.500      | 0.055   | 0.012       
endash               | 8211  | 0.431       | 0.500      | 0.055   | 0.012       
emdash               | 8212  | 0.443       | 0.500      | 0.062   | 0.011       
afii00208            | 8213  | 0.443       | 0.500      | 0.062   | 0.011       
dblverticalbar       | 8214  | 0.655       | 0.500      | 0.312   | 0.102       
underscoredbl        | 8215  | 0.348       | 0.500      | 0.109   | 0.098       
quoteleft            | 8216  | 0.424       | 0.500      | 0.047   | 0.031       
quoteright           | 8217  | 0.424       | 0.500      | 0.047   | 0.031       
quotesinglbase       | 8218  | 0.424       | 0.500      | 0.047   | 0.038       
quotereversed        | 8219  | 0.424       | 0.500      | 0.047   | 0.038       
quotedblleft         | 8220  | 0.328       | 0.500      | 0.094   | 0.075       
quotedblright        | 8221  | 0.328       | 0.500      | 0.094   | 0.069       
quotedblbase         | 8222  | 0.328       | 0.500      | 0.094   | 0.094       
uni201F              | 8223  | 0.328       | 0.500      | 0.094   | 0.075       
dagger               | 8224  | 0.685       | 0.500      | 0.188   | 0.034       
daggerdbl            | 8225  | 0.725       | 0.500      | 0.219   | 0.044       
bullet               | 8226  | 0.496       | 0.500      | 0.094   | 0.058       
ellipsis             | 8230  | 0.262       | 0.500      | 0.094   | 0.069       
perthousand          | 8240  | 0.887       | 0.500      | 0.320   | 0.205       
minute               | 8242  | 0.443       | 0.500      | 0.062   | 0.033       
second               | 8243  | 0.373       | 0.500      | 0.125   | 0.084       
guilsinglleft        | 8249  | 0.545       | 0.500      | 0.109   | 0.091       
guilsinglright       | 8250  | 0.545       | 0.500      | 0.109   | 0.100       
exclamdbl            | 8252  | 0.591       | 0.500      | 0.281   | 0.105       
overline             | 8254  | 0.431       | 0.500      | 0.055   | 0.041       
nsuperior            | 8319  | 0.590       | 0.500      | 0.156   | 0.086       
peseta               | 8359  | 0.923       | 0.500      | 0.352   | 0.111       
Euro                 | 8364  | 0.804       | 0.500      | 0.266   | 0.192       
uni20AE              | 8366  | 0.817       | 0.500      | 0.266   | 0.072       
uni210E              | 8462  | 0.821       | 0.500      | 0.281   | 0.047       
uni210F              | 8463  | 0.877       | 0.500      | 0.312   | 0.134       
afii61352            | 8470  | 0.724       | 0.500      | 0.281   | 0.175       
trademark            | 8482  | 0.581       | 0.500      | 0.141   | 0.139       
Ohm                  | 8486  | 0.891       | 0.500      | 0.336   | 0.075       
arrowleft            | 8592  | 0.617       | 0.500      | 0.156   | 0.072       
arrowup              | 8593  | 0.705       | 0.500      | 0.203   | 0.042       
arrowright           | 8594  | 0.617       | 0.500      | 0.156   | 0.078       
arrowdown            | 8595  | 0.705       | 0.500      | 0.203   | 0.053       
arrowboth            | 8596  | 0.706       | 0.500      | 0.219   | 0.089       
arrowupdn            | 8597  | 0.765       | 0.500      | 0.250   | 0.056       
arrowupdnbse         | 8616  | 0.805       | 0.500      | 0.281   | 0.086       
carriagereturn       | 8629  | 0.781       | 0.500      | 0.250   | 0.162       
arrowdblleft         | 8656  | 0.698       | 0.500      | 0.211   | 0.086       
arrowdblup           | 8657  | 0.851       | 0.500      | 0.305   | 0.122       
arrowdblright        | 8658  | 0.698       | 0.500      | 0.211   | 0.120       
arrowdbldown         | 8659  | 0.851       | 0.500      | 0.305   | 0.117       
arrowdblboth         | 8660  | 0.799       | 0.500      | 0.281   | 0.105       
uni21D5              | 8661  | 0.841       | 0.500      | 0.297   | 0.128       
existential          | 8707  | 0.780       | 0.500      | 0.258   | 0.136       
emptyset             | 8709  | 0.917       | 0.500      | 0.344   | 0.183       
increment            | 8710  | 0.877       | 0.500      | 0.312   | 0.117       
element              | 8712  | 0.740       | 0.500      | 0.227   | 0.109       
uni220A              | 8714  | 0.678       | 0.500      | 0.195   | 0.130       
minus                | 8722  | 0.431       | 0.500      | 0.055   | 0.012       
bulletoperator       | 8729  | 0.454       | 0.500      | 0.070   | 0.048       
radical              | 8730  | 0.812       | 0.500      | 0.266   | 0.155       
infinity             | 8734  | 0.694       | 0.500      | 0.219   | 0.120       
orthogonal           | 8735  | 0.586       | 0.500      | 0.133   | 0.127       
logicaland           | 8743  | 0.679       | 0.500      | 0.188   | 0.127       
logicalor            | 8744  | 0.679       | 0.500      | 0.188   | 0.133       
intersection         | 8745  | 0.769       | 0.500      | 0.258   | 0.066       
union                | 8746  | 0.769       | 0.500      | 0.258   | 0.047       
approxequal          | 8776  | 0.431       | 0.500      | 0.156   | 0.109       
notequal             | 8800  | 0.637       | 0.500      | 0.172   | 0.114       
equivalence          | 8801  | 0.404       | 0.500      | 0.164   | 0.106       
lessequal            | 8804  | 0.530       | 0.500      | 0.156   | 0.136       
greaterequal         | 8805  | 0.530       | 0.500      | 0.156   | 0.136       
uni2300              | 8960  | 0.917       | 0.500      | 0.344   | 0.183       
house                | 8962  | 0.792       | 0.500      | 0.266   | 0.119       
revlogicalnot        | 8976  | 0.524       | 0.500      | 0.102   | 0.070       
integraltp           | 8992  | 0.791       | 0.500      | 0.258   | 0.100       
integralbt           | 8993  | 0.735       | 0.500      | 0.227   | 0.089       
uni23BA              | 9146  | 0.536       | 0.500      | 0.125   | 0.058       
uni23BB              | 9147  | 0.536       | 0.500      | 0.125   | 0.122       
uni23BC              | 9148  | 0.536       | 0.500      | 0.125   | 0.088       
uni23BD              | 9149  | 0.536       | 0.500      | 0.125   | 0.125       
uni2409              | 9225  | 0.801       | 0.500      | 0.328   | 0.200       
uni240A              | 9226  | 0.685       | 0.500      | 0.258   | 0.161       
uni240B              | 9227  | 0.747       | 0.500      | 0.297   | 0.206       
uni240C              | 9228  | 0.699       | 0.500      | 0.281   | 0.177       
uni240D              | 9229  | 0.798       | 0.500      | 0.359   | 0.211       
uni2424              | 9252  | 0.827       | 0.500      | 0.344   | 0.217       
SF100000             | 9472  | 0.536       | 0.500      | 0.125   | 0.047       
uni2501              | 9473  | 0.629       | 0.500      | 0.188   | 0.050       
SF110000             | 9474  | 0.721       | 0.500      | 0.250   | 0.059       
uni2503              | 9475  | 0.843       | 0.500      | 0.375   | 0.047       
uni2508              | 9480  | 0.190       | 0.500      | 0.062   | 0.048       
uni2509              | 9481  | 0.241       | 0.500      | 0.094   | 0.067       
uni250A              | 9482  | 0.375       | 0.500      | 0.188   | 0.097       
uni250B              | 9483  | 0.519       | 0.500      | 0.281   | 0.112       
SF010000             | 9484  | 0.661       | 0.500      | 0.188   | 0.047       
uni250D              | 9485  | 0.719       | 0.500      | 0.227   | 0.061       
uni250E              | 9486  | 0.766       | 0.500      | 0.258   | 0.053       
uni250F              | 9487  | 0.835       | 0.500      | 0.305   | 0.055       
SF030000             | 9488  | 0.661       | 0.500      | 0.188   | 0.044       
uni2511              | 9489  | 0.719       | 0.500      | 0.227   | 0.056       
uni2512              | 9490  | 0.732       | 0.500      | 0.242   | 0.048       
uni2513              | 9491  | 0.790       | 0.500      | 0.281   | 0.056       
SF020000             | 9492  | 0.661       | 0.500      | 0.188   | 0.044       
uni2515              | 9493  | 0.692       | 0.500      | 0.211   | 0.050       
uni2516              | 9494  | 0.766       | 0.500      | 0.258   | 0.041       
uni2517              | 9495  | 0.796       | 0.500      | 0.281   | 0.045       
SF040000             | 9496  | 0.661       | 0.500      | 0.188   | 0.041       
uni2519              | 9497  | 0.692       | 0.500      | 0.211   | 0.044       
uni251A              | 9498  | 0.732       | 0.500      | 0.242   | 0.042       
uni251B              | 9499  | 0.752       | 0.500      | 0.258   | 0.044       
SF080000             | 9500  | 0.857       | 0.500      | 0.297   | 0.052       
uni251D              | 9501  | 0.887       | 0.500      | 0.320   | 0.056       
uni251E              | 9502  | 0.928       | 0.500      | 0.367   | 0.041       
uni251F              | 9503  | 0.928       | 0.500      | 0.367   | 0.044       
uni2520              | 9504  | 0.858       | 0.500      | 0.422   | 0.041       
uni2521              | 9505  | 0.898       | 0.500      | 0.391   | 0.042       
uni2522              | 9506  | 0.888       | 0.500      | 0.398   | 0.045       
uni2523              | 9507  | 0.827       | 0.500      | 0.445   | 0.041       
SF090000             | 9508  | 0.857       | 0.500      | 0.297   | 0.045       
uni2525              | 9509  | 0.887       | 0.500      | 0.320   | 0.047       
uni2526              | 9510  | 0.923       | 0.500      | 0.352   | 0.041       
uni2527              | 9511  | 0.923       | 0.500      | 0.352   | 0.042       
uni2528              | 9512  | 0.853       | 0.500      | 0.406   | 0.041       
uni2529              | 9513  | 0.903       | 0.500      | 0.367   | 0.042       
uni252A              | 9514  | 0.893       | 0.500      | 0.375   | 0.045       
uni252B              | 9515  | 0.833       | 0.500      | 0.422   | 0.042       
SF060000             | 9516  | 0.764       | 0.500      | 0.234   | 0.045       
uni252D              | 9517  | 0.827       | 0.500      | 0.273   | 0.042       
uni252E              | 9518  | 0.827       | 0.500      | 0.273   | 0.044       
uni252F              | 9519  | 0.857       | 0.500      | 0.297   | 0.047       
uni2530              | 9520  | 0.834       | 0.500      | 0.289   | 0.044       
uni2531              | 9521  | 0.897       | 0.500      | 0.328   | 0.041       
uni2532              | 9522  | 0.907       | 0.500      | 0.336   | 0.039       
uni2533              | 9523  | 0.923       | 0.500      | 0.352   | 0.041       
SF070000             | 9524  | 0.764       | 0.500      | 0.234   | 0.038       
uni2535              | 9525  | 0.794       | 0.500      | 0.258   | 0.038       
uni2536              | 9526  | 0.794       | 0.500      | 0.258   | 0.039       
uni2537              | 9527  | 0.824       | 0.500      | 0.281   | 0.041       
uni2538              | 9528  | 0.834       | 0.500      | 0.289   | 0.031       
uni2539              | 9529  | 0.854       | 0.500      | 0.305   | 0.034       
uni253A              | 9530  | 0.864       | 0.500      | 0.312   | 0.033       
uni253B              | 9531  | 0.884       | 0.500      | 0.328   | 0.034       
SF050000             | 9532  | 0.992       | 0.500      | 0.344   | 0.038       
uni253D              | 9533  | 0.978       | 0.500      | 0.367   | 0.038       
uni253E              | 9534  | 0.978       | 0.500      | 0.367   | 0.039       
uni253F              | 9535  | 0.948       | 0.500      | 0.391   | 0.039       
uni2540              | 9536  | 0.938       | 0.500      | 0.398   | 0.031       
uni2541              | 9537  | 0.938       | 0.500      | 0.398   | 0.034       
uni2542              | 9538  | 0.867       | 0.500      | 0.453   | 0.031       
uni2543              | 9539  | 0.918       | 0.500      | 0.414   | 0.034       
uni2544              | 9540  | 0.908       | 0.500      | 0.422   | 0.033       
uni2545              | 9541  | 0.908       | 0.500      | 0.422   | 0.038       
uni2546              | 9542  | 0.908       | 0.500      | 0.422   | 0.038       
uni2547              | 9543  | 0.888       | 0.500      | 0.438   | 0.034       
uni2548              | 9544  | 0.877       | 0.500      | 0.445   | 0.038       
uni2549              | 9545  | 0.847       | 0.500      | 0.469   | 0.034       
uni254A              | 9546  | 0.837       | 0.500      | 0.477   | 0.033       
uni254B              | 9547  | 0.817       | 0.500      | 0.492   | 0.034       
SF430000             | 9552  | 0.559       | 0.500      | 0.250   | 0.095       
SF240000             | 9553  | 0.557       | 0.500      | 0.500   | 0.047       
SF510000             | 9554  | 0.777       | 0.500      | 0.266   | 0.105       
SF520000             | 9555  | 0.870       | 0.500      | 0.328   | 0.117       
SF390000             | 9556  | 0.713       | 0.500      | 0.406   | 0.141       
SF220000             | 9557  | 0.777       | 0.500      | 0.266   | 0.105       
SF210000             | 9558  | 0.836       | 0.500      | 0.312   | 0.117       
SF250000             | 9559  | 0.740       | 0.500      | 0.375   | 0.138       
SF500000             | 9560  | 0.750       | 0.500      | 0.250   | 0.102       
SF490000             | 9561  | 0.870       | 0.500      | 0.328   | 0.097       
SF380000             | 9562  | 0.746       | 0.500      | 0.375   | 0.116       
SF280000             | 9563  | 0.750       | 0.500      | 0.250   | 0.102       
SF270000             | 9564  | 0.836       | 0.500      | 0.312   | 0.095       
SF260000             | 9565  | 0.758       | 0.500      | 0.344   | 0.109       
SF360000             | 9566  | 0.917       | 0.500      | 0.344   | 0.086       
SF370000             | 9567  | 0.577       | 0.500      | 0.531   | 0.053       
SF420000             | 9568  | 0.532       | 0.500      | 0.547   | 0.081       
SF190000             | 9569  | 0.917       | 0.500      | 0.344   | 0.086       
SF200000             | 9570  | 0.567       | 0.500      | 0.516   | 0.050       
SF230000             | 9571  | 0.557       | 0.500      | 0.516   | 0.069       
SF470000             | 9572  | 0.802       | 0.500      | 0.344   | 0.116       
SF480000             | 9573  | 0.904       | 0.500      | 0.344   | 0.114       
SF410000             | 9574  | 0.625       | 0.500      | 0.422   | 0.141       
SF450000             | 9575  | 0.764       | 0.500      | 0.328   | 0.116       
SF460000             | 9576  | 0.904       | 0.500      | 0.344   | 0.095       
SF400000             | 9577  | 0.649       | 0.500      | 0.391   | 0.128       
SF540000             | 9578  | 0.888       | 0.500      | 0.438   | 0.106       
SF530000             | 9579  | 0.727       | 0.500      | 0.562   | 0.069       
SF440000             | 9580  | 0.474       | 0.500      | 0.562   | 0.100       
uni256D              | 9581  | 0.641       | 0.500      | 0.172   | 0.072       
uni256E              | 9582  | 0.641       | 0.500      | 0.172   | 0.066       
uni256F              | 9583  | 0.641       | 0.500      | 0.172   | 0.059       
uni2570              | 9584  | 0.641       | 0.500      | 0.172   | 0.062       
uni2574              | 9588  | 0.466       | 0.500      | 0.078   | 0.047       
uni2575              | 9589  | 0.559       | 0.500      | 0.141   | 0.059       
uni2576              | 9590  | 0.466       | 0.500      | 0.078   | 0.052       
uni2577              | 9591  | 0.559       | 0.500      | 0.141   | 0.064       
uni2578              | 9592  | 0.524       | 0.500      | 0.117   | 0.055       
uni2579              | 9593  | 0.663       | 0.500      | 0.211   | 0.053       
uni257A              | 9594  | 0.524       | 0.500      | 0.117   | 0.066       
uni257B              | 9595  | 0.663       | 0.500      | 0.211   | 0.059       
uni257C              | 9596  | 0.598       | 0.500      | 0.164   | 0.045       
uni257D              | 9597  | 0.837       | 0.500      | 0.320   | 0.052       
uni257E              | 9598  | 0.598       | 0.500      | 0.164   | 0.045       
uni257F              | 9599  | 0.837       | 0.500      | 0.320   | 0.050       
upblock              | 9600  | 0.707       | 0.500      | 0.500   | 0.256       
uni2581              | 9601  | 0.536       | 0.500      | 0.125   | 0.125       
uni2582              | 9602  | 0.721       | 0.500      | 0.250   | 0.142       
uni2583              | 9603  | 0.843       | 0.500      | 0.375   | 0.200       
dnblock              | 9604  | 0.707       | 0.500      | 0.500   | 0.200       
uni2585              | 9605  | 0.571       | 0.500      | 0.625   | 0.200       
uni2586              | 9606  | 0.500       | 0.500      | 0.750   | 0.200       
uni2587              | 9607  | 0.525       | 0.500      | 0.875   | 0.188       
block                | 9608  | 0.550       | 0.500      | 1.000   | 0.150       
uni2589              | 9609  | 0.525       | 0.500      | 0.875   | 0.188       
uni258A              | 9610  | 0.500       | 0.500      | 0.750   | 0.194       
uni258B              | 9611  | 0.571       | 0.500      | 0.625   | 0.184       
lfblock              | 9612  | 0.707       | 0.500      | 0.500   | 0.200       
uni258D              | 9613  | 0.843       | 0.500      | 0.375   | 0.189       
uni258E              | 9614  | 0.721       | 0.500      | 0.250   | 0.130       
uni258F              | 9615  | 0.536       | 0.500      | 0.125   | 0.125       
rtblock              | 9616  | 0.707       | 0.500      | 0.500   | 0.250       
ltshade              | 9617  | 0.507       | 0.500      | 0.250   | 0.250       
shade                | 9618  | 0.807       | 0.500      | 0.500   | 0.467       
dkshade              | 9619  | 0.550       | 0.500      | 0.750   | 0.288       
uni2596              | 9622  | 0.721       | 0.500      | 0.250   | 0.216       
uni2597              | 9623  | 0.721       | 0.500      | 0.250   | 0.233       
uni2598              | 9624  | 0.721       | 0.500      | 0.250   | 0.211       
uni2599              | 9625  | 0.550       | 0.500      | 0.750   | 0.250       
uni259A              | 9626  | 0.807       | 0.500      | 0.500   | 0.275       
uni259B              | 9627  | 0.550       | 0.500      | 0.750   | 0.250       
uni259C              | 9628  | 0.550       | 0.500      | 0.750   | 0.259       
uni259D              | 9629  | 0.721       | 0.500      | 0.250   | 0.236       
uni259E              | 9630  | 0.807       | 0.500      | 0.500   | 0.273       
uni259F              | 9631  | 0.550       | 0.500      | 0.750   | 0.250       
filledbox            | 9632  | 0.698       | 0.500      | 0.234   | 0.091       
filledrect           | 9644  | 0.675       | 0.500      | 0.219   | 0.134       
uni25AE              | 9646  | 0.656       | 0.500      | 0.547   | 0.173       
triagup              | 9650  | 0.852       | 0.500      | 0.312   | 0.138       
uni25B6              | 9654  | 0.852       | 0.500      | 0.312   | 0.147       
triagdn              | 9660  | 0.852       | 0.500      | 0.312   | 0.128       
uni25C0              | 9664  | 0.852       | 0.500      | 0.312   | 0.155       
blackdiamond         | 9670  | 0.759       | 0.500      | 0.250   | 0.080       
lozenge              | 9674  | 0.679       | 0.500      | 0.188   | 0.086       
circle               | 9675  | 0.607       | 0.500      | 0.156   | 0.105       
H18533               | 9679  | 0.728       | 0.500      | 0.250   | 0.070       
invbullet            | 9688  | 0.550       | 0.500      | 0.906   | 0.216       
invcircle            | 9689  | 0.511       | 0.500      | 0.844   | 0.259       
smileface            | 9786  | 0.759       | 0.500      | 0.281   | 0.219       
invsmileface         | 9787  | 0.692       | 0.500      | 0.531   | 0.166       
sun                  | 9788  | 0.884       | 0.500      | 0.328   | 0.170       
female               | 9792  | 0.805       | 0.500      | 0.281   | 0.162       
male                 | 9794  | 0.841       | 0.500      | 0.297   | 0.156       
spade                | 9824  | 0.917       | 0.500      | 0.344   | 0.133       
club                 | 9827  | 0.897       | 0.500      | 0.328   | 0.142       
heart                | 9829  | 0.868       | 0.500      | 0.375   | 0.131       
diamond              | 9830  | 0.759       | 0.500      | 0.250   | 0.080       
musicalnote          | 9834  | 0.806       | 0.500      | 0.258   | 0.133       
musicalnotedbl       | 9835  | 0.885       | 0.500      | 0.391   | 0.161       
uni2713              | 10003 | 0.756       | 0.500      | 0.219   | 0.125       
uni2714              | 10004 | 0.827       | 0.500      | 0.273   | 0.141       
uni2717              | 10007 | 0.761       | 0.500      | 0.234   | 0.147       
uni2718              | 10008 | 0.917       | 0.500      | 0.344   | 0.181       
uniE0A0              | 57504 | 0.938       | 0.500      | 0.398   | 0.264       
uniE0A1              | 57505 | 0.827       | 0.500      | 0.344   | 0.198       
uniE0A2              | 57506 | 0.649       | 0.500      | 0.594   | 0.295       
uniE0B0              | 57520 | 0.727       | 0.500      | 0.562   | 0.244       
uniE0B1              | 57521 | 0.851       | 0.500      | 0.234   | 0.212       
uniE0B2              | 57522 | 0.727       | 0.500      | 0.562   | 0.275       
uniE0B3              | 57523 | 0.851       | 0.500      | 0.234   | 0.219       
uniF6BE              | 63166 | 0.715       | 0.500      | 0.211   | 0.059       
uniFFFD              | 65533 | 0.897       | 0.500      | 0.359   | 0.028       


аномалии:
glyph           | code  | нарушенные критерии                                                            
---------------------------------------------------------------------------------------------------------
space           | 32    | readability: 0.000 < 0.400; density: 0.000 < 0.050; distinctness: 0.031 < 0.050
exclam          | 33    | distinctness: 0.036 < 0.050                                                    
quotedbl        | 34    | readability: 0.324 < 0.400                                                     
quotesingle     | 39    | density: 0.047 < 0.050; distinctness: 0.027 < 0.050                            
comma           | 44    | density: 0.047 < 0.050; distinctness: 0.038 < 0.050                            
hyphen          | 45    | distinctness: 0.012 < 0.050                                                    
period          | 46    | readability: 0.396 < 0.400; density: 0.031 < 0.050; distinctness: 0.025 < 0.050
zero            | 48    | distinctness: 0.033 < 0.050                                                    
three           | 51    | distinctness: 0.045 < 0.050                                                    
eight           | 56    | distinctness: 0.020 < 0.050                                                    
colon           | 58    | readability: 0.277 < 0.400; distinctness: 0.034 < 0.050                        
semicolon       | 59    | readability: 0.348 < 0.400; distinctness: 0.034 < 0.050                        
equal           | 61    | readability: 0.359 < 0.400                                                     
A               | 65    | distinctness: 0.041 < 0.050                                                    
B               | 66    | distinctness: 0.033 < 0.050                                                    
C               | 67    | distinctness: 0.045 < 0.050                                                    
E               | 69    | distinctness: 0.045 < 0.050                                                    
F               | 70    | distinctness: 0.033 < 0.050                                                    
G               | 71    | distinctness: 0.047 < 0.050                                                    
H               | 72    | distinctness: 0.041 < 0.050                                                    
I               | 73    | distinctness: 0.025 < 0.050                                                    
K               | 75    | distinctness: 0.047 < 0.050                                                    
L               | 76    | distinctness: 0.048 < 0.050                                                    
N               | 78    | distinctness: 0.039 < 0.050                                                    
O               | 79    | distinctness: 0.025 < 0.050                                                    
Q               | 81    | distinctness: 0.039 < 0.050                                                    
T               | 84    | distinctness: 0.044 < 0.050                                                    
U               | 85    | distinctness: 0.034 < 0.050                                                    
bracketleft     | 91    | distinctness: 0.047 < 0.050                                                    
grave           | 96    | readability: 0.400 < 0.400; density: 0.031 < 0.050; distinctness: 0.028 < 0.050
a               | 97    | distinctness: 0.042 < 0.050                                                    
b               | 98    | distinctness: 0.036 < 0.050                                                    
c               | 99    | distinctness: 0.030 < 0.050                                                    
e               | 101   | distinctness: 0.031 < 0.050                                                    
g               | 103   | distinctness: 0.036 < 0.050                                                    
h               | 104   | distinctness: 0.047 < 0.050                                                    
i               | 105   | distinctness: 0.023 < 0.050                                                    
k               | 107   | distinctness: 0.045 < 0.050                                                    
l               | 108   | distinctness: 0.012 < 0.050                                                    
n               | 110   | distinctness: 0.028 < 0.050                                                    
o               | 111   | distinctness: 0.030 < 0.050                                                    
p               | 112   | distinctness: 0.045 < 0.050                                                    
q               | 113   | distinctness: 0.045 < 0.050                                                    
r               | 114   | distinctness: 0.048 < 0.050                                                    
s               | 115   | distinctness: 0.047 < 0.050                                                    
t               | 116   | distinctness: 0.047 < 0.050                                                    
u               | 117   | distinctness: 0.027 < 0.050                                                    
y               | 121   | distinctness: 0.034 < 0.050                                                    
bar             | 124   | distinctness: 0.023 < 0.050                                                    
nbspace         | 160   | readability: 0.000 < 0.400; density: 0.000 < 0.050; distinctness: 0.031 < 0.050
exclamdown      | 161   | distinctness: 0.027 < 0.050                                                    
brokenbar       | 166   | readability: 0.367 < 0.400; distinctness: 0.048 < 0.050                        
dieresis        | 168   | readability: 0.271 < 0.400; distinctness: 0.023 < 0.050                        
softhyphen      | 173   | density: 0.039 < 0.050; distinctness: 0.017 < 0.050                            
macron          | 175   | density: 0.039 < 0.050; distinctness: 0.028 < 0.050                            
acute           | 180   | readability: 0.400 < 0.400; density: 0.031 < 0.050; distinctness: 0.025 < 0.050
periodcentered  | 183   | readability: 0.396 < 0.400; density: 0.031 < 0.050; distinctness: 0.031 < 0.050
cedilla         | 184   | density: 0.047 < 0.050; distinctness: 0.047 < 0.050                            
onesuperior     | 185   | distinctness: 0.045 < 0.050                                                    
Agrave          | 192   | distinctness: 0.039 < 0.050                                                    
Aacute          | 193   | distinctness: 0.042 < 0.050                                                    
Acircumflex     | 194   | distinctness: 0.030 < 0.050                                                    
Adieresis       | 196   | distinctness: 0.031 < 0.050                                                    
Aring           | 197   | distinctness: 0.048 < 0.050                                                    
Egrave          | 200   | distinctness: 0.033 < 0.050                                                    
Eacute          | 201   | distinctness: 0.031 < 0.050                                                    
Ecircumflex     | 202   | distinctness: 0.033 < 0.050                                                    
Edieresis       | 203   | distinctness: 0.028 < 0.050                                                    
Igrave          | 204   | distinctness: 0.033 < 0.050                                                    
Iacute          | 205   | distinctness: 0.022 < 0.050                                                    
Icircumflex     | 206   | distinctness: 0.047 < 0.050                                                    
Ograve          | 210   | distinctness: 0.041 < 0.050                                                    
Oacute          | 211   | distinctness: 0.039 < 0.050                                                    
Ocircumflex     | 212   | distinctness: 0.028 < 0.050                                                    
Otilde          | 213   | distinctness: 0.042 < 0.050                                                    
Odieresis       | 214   | distinctness: 0.028 < 0.050                                                    
Oslash          | 216   | distinctness: 0.039 < 0.050                                                    
Ugrave          | 217   | distinctness: 0.041 < 0.050                                                    
Uacute          | 218   | distinctness: 0.041 < 0.050                                                    
Ucircumflex     | 219   | distinctness: 0.033 < 0.050                                                    
Udieresis       | 220   | distinctness: 0.036 < 0.050                                                    
Yacute          | 221   | distinctness: 0.041 < 0.050                                                    
agrave          | 224   | distinctness: 0.034 < 0.050                                                    
aacute          | 225   | distinctness: 0.034 < 0.050                                                    
acircumflex     | 226   | distinctness: 0.028 < 0.050                                                    
adieresis       | 228   | distinctness: 0.031 < 0.050                                                    
aring           | 229   | distinctness: 0.047 < 0.050                                                    
egrave          | 232   | distinctness: 0.030 < 0.050                                                    
eacute          | 233   | distinctness: 0.028 < 0.050                                                    
ecircumflex     | 234   | distinctness: 0.031 < 0.050                                                    
edieresis       | 235   | distinctness: 0.025 < 0.050                                                    
igrave          | 236   | distinctness: 0.025 < 0.050                                                    
iacute          | 237   | distinctness: 0.023 < 0.050                                                    
icircumflex     | 238   | distinctness: 0.031 < 0.050                                                    
idieresis       | 239   | distinctness: 0.036 < 0.050                                                    
eth             | 240   | distinctness: 0.045 < 0.050                                                    
ograve          | 242   | distinctness: 0.031 < 0.050                                                    
oacute          | 243   | distinctness: 0.033 < 0.050                                                    
ocircumflex     | 244   | distinctness: 0.028 < 0.050                                                    
otilde          | 245   | distinctness: 0.044 < 0.050                                                    
odieresis       | 246   | distinctness: 0.028 < 0.050                                                    
divide          | 247   | readability: 0.356 < 0.400                                                     
ugrave          | 249   | distinctness: 0.034 < 0.050                                                    
uacute          | 250   | distinctness: 0.027 < 0.050                                                    
ucircumflex     | 251   | distinctness: 0.025 < 0.050                                                    
udieresis       | 252   | distinctness: 0.022 < 0.050                                                    
yacute          | 253   | distinctness: 0.036 < 0.050                                                    
ydieresis       | 255   | distinctness: 0.036 < 0.050                                                    
Amacron         | 256   | distinctness: 0.044 < 0.050                                                    
amacron         | 257   | distinctness: 0.038 < 0.050                                                    
Abreve          | 258   | distinctness: 0.034 < 0.050                                                    
abreve          | 259   | distinctness: 0.034 < 0.050                                                    
Cacute          | 262   | distinctness: 0.041 < 0.050                                                    
cacute          | 263   | distinctness: 0.030 < 0.050                                                    
Ccircumflex     | 264   | distinctness: 0.044 < 0.050                                                    
ccircumflex     | 265   | distinctness: 0.045 < 0.050                                                    
Cdotaccent      | 266   | distinctness: 0.041 < 0.050                                                    
cdotaccent      | 267   | distinctness: 0.031 < 0.050                                                    
Ccaron          | 268   | distinctness: 0.044 < 0.050                                                    
ccaron          | 269   | distinctness: 0.045 < 0.050                                                    
emacron         | 275   | distinctness: 0.038 < 0.050                                                    
Ebreve          | 276   | distinctness: 0.033 < 0.050                                                    
ebreve          | 277   | distinctness: 0.033 < 0.050                                                    
Edotaccent      | 278   | distinctness: 0.025 < 0.050                                                    
edotaccent      | 279   | distinctness: 0.022 < 0.050                                                    
Ecaron          | 282   | distinctness: 0.033 < 0.050                                                    
ecaron          | 283   | distinctness: 0.033 < 0.050                                                    
Gcircumflex     | 284   | distinctness: 0.042 < 0.050                                                    
Gbreve          | 286   | distinctness: 0.042 < 0.050                                                    
gbreve          | 287   | distinctness: 0.045 < 0.050                                                    
Gdotaccent      | 288   | distinctness: 0.044 < 0.050                                                    
gdotaccent      | 289   | distinctness: 0.031 < 0.050                                                    
gcommaaccent    | 291   | distinctness: 0.044 < 0.050                                                    
Itilde          | 296   | distinctness: 0.048 < 0.050                                                    
Imacron         | 298   | distinctness: 0.048 < 0.050                                                    
imacron         | 299   | distinctness: 0.038 < 0.050                                                    
Ibreve          | 300   | distinctness: 0.028 < 0.050                                                    
ibreve          | 301   | distinctness: 0.030 < 0.050                                                    
Iogonek         | 302   | distinctness: 0.048 < 0.050                                                    
Idotaccent      | 304   | distinctness: 0.027 < 0.050                                                    
dotlessi        | 305   | distinctness: 0.033 < 0.050                                                    
jcircumflex     | 309   | distinctness: 0.045 < 0.050                                                    
lacute          | 314   | distinctness: 0.025 < 0.050                                                    
lcommaaccent    | 316   | distinctness: 0.045 < 0.050                                                    
lcaron          | 318   | distinctness: 0.031 < 0.050                                                    
ldot            | 320   | distinctness: 0.039 < 0.050                                                    
lslash          | 322   | distinctness: 0.025 < 0.050                                                    
Nacute          | 323   | distinctness: 0.048 < 0.050                                                    
nacute          | 324   | distinctness: 0.039 < 0.050                                                    
eng             | 331   | distinctness: 0.044 < 0.050                                                    
Omacron         | 332   | distinctness: 0.039 < 0.050                                                    
omacron         | 333   | distinctness: 0.038 < 0.050                                                    
Obreve          | 334   | distinctness: 0.031 < 0.050                                                    
obreve          | 335   | distinctness: 0.033 < 0.050                                                    
Ohungarumlaut   | 336   | distinctness: 0.031 < 0.050                                                    
ohungarumlaut   | 337   | distinctness: 0.031 < 0.050                                                    
sacute          | 347   | distinctness: 0.044 < 0.050                                                    
Tbar            | 358   | distinctness: 0.047 < 0.050                                                    
Utilde          | 360   | distinctness: 0.048 < 0.050                                                    
utilde          | 361   | distinctness: 0.044 < 0.050                                                    
Umacron         | 362   | distinctness: 0.038 < 0.050                                                    
umacron         | 363   | distinctness: 0.038 < 0.050                                                    
Ubreve          | 364   | distinctness: 0.044 < 0.050                                                    
ubreve          | 365   | distinctness: 0.031 < 0.050                                                    
Uring           | 366   | distinctness: 0.048 < 0.050                                                    
uring           | 367   | distinctness: 0.044 < 0.050                                                    
Uhungarumlaut   | 368   | distinctness: 0.034 < 0.050                                                    
uhungarumlaut   | 369   | distinctness: 0.031 < 0.050                                                    
uni0186         | 390   | distinctness: 0.048 < 0.050                                                    
Schwa           | 399   | distinctness: 0.044 < 0.050                                                    
uni0190         | 400   | distinctness: 0.045 < 0.050                                                    
uni019E         | 414   | distinctness: 0.041 < 0.050                                                    
Tcommaaccent    | 538   | distinctness: 0.048 < 0.050                                                    
uni0233         | 563   | distinctness: 0.039 < 0.050                                                    
uni0254         | 596   | distinctness: 0.039 < 0.050                                                    
uni0258         | 600   | distinctness: 0.048 < 0.050                                                    
schwa           | 601   | distinctness: 0.048 < 0.050                                                    
uni025B         | 603   | distinctness: 0.031 < 0.050                                                    
commaturnedmod  | 699   | density: 0.047 < 0.050; distinctness: 0.022 < 0.050                            
afii57929       | 700   | density: 0.047 < 0.050; distinctness: 0.025 < 0.050                            
afii64937       | 701   | density: 0.047 < 0.050; distinctness: 0.031 < 0.050                            
circumflex      | 710   | distinctness: 0.033 < 0.050                                                    
caron           | 711   | distinctness: 0.034 < 0.050                                                    
breve           | 728   | distinctness: 0.034 < 0.050                                                    
dotaccent       | 729   | readability: 0.396 < 0.400; density: 0.031 < 0.050; distinctness: 0.016 < 0.050
tilde           | 732   | distinctness: 0.044 < 0.050                                                    
hungarumlaut    | 733   | distinctness: 0.028 < 0.050                                                    
gravecomb       | 768   | readability: 0.400 < 0.400; density: 0.031 < 0.050; distinctness: 0.028 < 0.050
acutecomb       | 769   | readability: 0.400 < 0.400; density: 0.031 < 0.050; distinctness: 0.025 < 0.050
uni0302         | 770   | distinctness: 0.033 < 0.050                                                    
tildecomb       | 771   | distinctness: 0.044 < 0.050                                                    
uni0306         | 774   | distinctness: 0.034 < 0.050                                                    
uni030C         | 780   | distinctness: 0.034 < 0.050                                                    
uni0329         | 809   | readability: 0.396 < 0.400; density: 0.031 < 0.050; distinctness: 0.031 < 0.050
tonos           | 900   | readability: 0.400 < 0.400; density: 0.031 < 0.050; distinctness: 0.031 < 0.050
dieresistonos   | 901   | readability: 0.287 < 0.400; distinctness: 0.044 < 0.050                        
Alphatonos      | 902   | distinctness: 0.034 < 0.050                                                    
anoteleia       | 903   | readability: 0.396 < 0.400; density: 0.031 < 0.050; distinctness: 0.031 < 0.050
Epsilontonos    | 904   | distinctness: 0.047 < 0.050                                                    
Iotatonos       | 906   | distinctness: 0.036 < 0.050                                                    
Omicrontonos    | 908   | distinctness: 0.036 < 0.050                                                    
Alpha           | 913   | distinctness: 0.041 < 0.050                                                    
Beta            | 914   | distinctness: 0.033 < 0.050                                                    
Gamma           | 915   | distinctness: 0.048 < 0.050                                                    
Epsilon         | 917   | distinctness: 0.045 < 0.050                                                    
Eta             | 919   | distinctness: 0.041 < 0.050                                                    
Theta           | 920   | distinctness: 0.019 < 0.050                                                    
Iota            | 921   | distinctness: 0.025 < 0.050                                                    
Kappa           | 922   | distinctness: 0.047 < 0.050                                                    
Nu              | 925   | distinctness: 0.039 < 0.050                                                    
Omicron         | 927   | distinctness: 0.025 < 0.050                                                    
Pi              | 928   | distinctness: 0.038 < 0.050                                                    
Tau             | 932   | distinctness: 0.044 < 0.050                                                    
epsilontonos    | 941   | distinctness: 0.036 < 0.050                                                    
etatonos        | 942   | distinctness: 0.048 < 0.050                                                    
iotatonos       | 943   | distinctness: 0.047 < 0.050                                                    
delta           | 948   | distinctness: 0.045 < 0.050                                                    
epsilon         | 949   | distinctness: 0.031 < 0.050                                                    
eta             | 951   | distinctness: 0.041 < 0.050                                                    
omicron         | 959   | distinctness: 0.030 < 0.050                                                    
pi              | 960   | distinctness: 0.041 < 0.050                                                    
rho             | 961   | distinctness: 0.036 < 0.050                                                    
upsilon         | 965   | distinctness: 0.023 < 0.050                                                    
upsilondieresis | 971   | distinctness: 0.022 < 0.050                                                    
omicrontonos    | 972   | distinctness: 0.033 < 0.050                                                    
upsilontonos    | 973   | distinctness: 0.031 < 0.050                                                    
uni03F4         | 1012  | distinctness: 0.022 < 0.050                                                    
uni0400         | 1024  | distinctness: 0.033 < 0.050                                                    
afii10023       | 1025  | distinctness: 0.028 < 0.050                                                    
afii10055       | 1030  | distinctness: 0.025 < 0.050                                                    
afii10061       | 1036  | distinctness: 0.047 < 0.050                                                    
afii10017       | 1040  | distinctness: 0.041 < 0.050                                                    
afii10018       | 1041  | distinctness: 0.048 < 0.050                                                    
afii10019       | 1042  | distinctness: 0.033 < 0.050                                                    
afii10020       | 1043  | distinctness: 0.048 < 0.050                                                    
afii10022       | 1045  | distinctness: 0.045 < 0.050                                                    
afii10025       | 1047  | distinctness: 0.045 < 0.050                                                    
afii10026       | 1048  | distinctness: 0.038 < 0.050                                                    
afii10028       | 1050  | distinctness: 0.047 < 0.050                                                    
afii10031       | 1053  | distinctness: 0.041 < 0.050                                                    
afii10032       | 1054  | distinctness: 0.025 < 0.050                                                    
afii10033       | 1055  | distinctness: 0.038 < 0.050                                                    
afii10035       | 1057  | distinctness: 0.045 < 0.050                                                    
afii10036       | 1058  | distinctness: 0.044 < 0.050                                                    
afii10065       | 1072  | distinctness: 0.042 < 0.050                                                    
afii10068       | 1075  | distinctness: 0.041 < 0.050                                                    
afii10069       | 1076  | distinctness: 0.036 < 0.050                                                    
afii10070       | 1077  | distinctness: 0.031 < 0.050                                                    
afii10073       | 1079  | distinctness: 0.039 < 0.050                                                    
afii10074       | 1080  | distinctness: 0.027 < 0.050                                                    
afii10075       | 1081  | distinctness: 0.031 < 0.050                                                    
afii10079       | 1085  | distinctness: 0.048 < 0.050                                                    
afii10080       | 1086  | distinctness: 0.030 < 0.050                                                    
afii10081       | 1087  | distinctness: 0.041 < 0.050                                                    
afii10082       | 1088  | distinctness: 0.045 < 0.050                                                    
afii10083       | 1089  | distinctness: 0.030 < 0.050                                                    
afii10085       | 1091  | distinctness: 0.034 < 0.050                                                    
afii10088       | 1094  | distinctness: 0.045 < 0.050                                                    
afii10095       | 1101  | distinctness: 0.034 < 0.050                                                    
uni0450         | 1104  | distinctness: 0.030 < 0.050                                                    
afii10071       | 1105  | distinctness: 0.025 < 0.050                                                    
afii10101       | 1108  | distinctness: 0.020 < 0.050                                                    
afii10102       | 1109  | distinctness: 0.047 < 0.050                                                    
afii10103       | 1110  | distinctness: 0.023 < 0.050                                                    
afii10104       | 1111  | distinctness: 0.036 < 0.050                                                    
afii10109       | 1116  | distinctness: 0.048 < 0.050                                                    
uni045D         | 1117  | distinctness: 0.034 < 0.050                                                    
afii10110       | 1118  | distinctness: 0.033 < 0.050                                                    
uni04B0         | 1200  | distinctness: 0.047 < 0.050                                                    
uni04D0         | 1232  | distinctness: 0.034 < 0.050                                                    
uni04D1         | 1233  | distinctness: 0.034 < 0.050                                                    
uni04D2         | 1234  | distinctness: 0.031 < 0.050                                                    
uni04D3         | 1235  | distinctness: 0.031 < 0.050                                                    
uni04D6         | 1238  | distinctness: 0.033 < 0.050                                                    
uni04D7         | 1239  | distinctness: 0.033 < 0.050                                                    
uni04D8         | 1240  | distinctness: 0.044 < 0.050                                                    
afii10846       | 1241  | distinctness: 0.048 < 0.050                                                    
uni04DA         | 1242  | distinctness: 0.048 < 0.050                                                    
uni04DB         | 1243  | distinctness: 0.048 < 0.050                                                    
uni04E3         | 1251  | distinctness: 0.038 < 0.050                                                    
uni04E5         | 1253  | distinctness: 0.022 < 0.050                                                    
uni04E6         | 1254  | distinctness: 0.028 < 0.050                                                    
uni04E7         | 1255  | distinctness: 0.028 < 0.050                                                    
uni04E8         | 1256  | distinctness: 0.022 < 0.050                                                    
uni04E9         | 1257  | distinctness: 0.027 < 0.050                                                    
uni04EA         | 1258  | distinctness: 0.031 < 0.050                                                    
uni04EB         | 1259  | distinctness: 0.028 < 0.050                                                    
uni04ED         | 1261  | distinctness: 0.047 < 0.050                                                    
uni04EF         | 1263  | distinctness: 0.039 < 0.050                                                    
uni04F1         | 1265  | distinctness: 0.036 < 0.050                                                    
uni04F3         | 1267  | distinctness: 0.034 < 0.050                                                    
Klinebelow      | 7732  | distinctness: 0.048 < 0.050                                                    
Edotbelow       | 7864  | distinctness: 0.047 < 0.050                                                    
edotbelow       | 7865  | distinctness: 0.044 < 0.050                                                    
Etilde          | 7868  | distinctness: 0.047 < 0.050                                                    
etilde          | 7869  | distinctness: 0.048 < 0.050                                                    
uni1ECA         | 7882  | distinctness: 0.031 < 0.050                                                    
uni1ECB         | 7883  | distinctness: 0.038 < 0.050                                                    
Odotbelow       | 7884  | distinctness: 0.036 < 0.050                                                    
odotbelow       | 7885  | distinctness: 0.039 < 0.050                                                    
uni1EE4         | 7908  | distinctness: 0.047 < 0.050                                                    
uni1EE5         | 7909  | distinctness: 0.041 < 0.050                                                    
ytilde          | 7929  | distinctness: 0.047 < 0.050                                                    
uni2000         | 8192  | readability: 0.000 < 0.400; density: 0.000 < 0.050; distinctness: 0.031 < 0.050
uni2001         | 8193  | readability: 0.000 < 0.400; density: 0.000 < 0.050; distinctness: 0.031 < 0.050
enspace         | 8194  | readability: 0.000 < 0.400; density: 0.000 < 0.050; distinctness: 0.031 < 0.050
uni2003         | 8195  | readability: 0.000 < 0.400; density: 0.000 < 0.050; distinctness: 0.031 < 0.050
uni2004         | 8196  | readability: 0.000 < 0.400; density: 0.000 < 0.050; distinctness: 0.031 < 0.050
uni2005         | 8197  | readability: 0.000 < 0.400; density: 0.000 < 0.050; distinctness: 0.031 < 0.050
uni2006         | 8198  | readability: 0.000 < 0.400; density: 0.000 < 0.050; distinctness: 0.031 < 0.050
uni2007         | 8199  | readability: 0.000 < 0.400; density: 0.000 < 0.050; distinctness: 0.031 < 0.050
uni2008         | 8200  | readability: 0.000 < 0.400; density: 0.000 < 0.050; distinctness: 0.031 < 0.050
uni2009         | 8201  | readability: 0.000 < 0.400; density: 0.000 < 0.050; distinctness: 0.031 < 0.050
uni200A         | 8202  | readability: 0.000 < 0.400; density: 0.000 < 0.050; distinctness: 0.031 < 0.050
hyphentwo       | 8208  | density: 0.039 < 0.050; distinctness: 0.017 < 0.050                            
uni2011         | 8209  | density: 0.039 < 0.050; distinctness: 0.017 < 0.050                            
figuredash      | 8210  | distinctness: 0.012 < 0.050                                                    
endash          | 8211  | distinctness: 0.012 < 0.050                                                    
emdash          | 8212  | distinctness: 0.011 < 0.050                                                    
afii00208       | 8213  | distinctness: 0.011 < 0.050                                                    
underscoredbl   | 8215  | readability: 0.348 < 0.400                                                     
quoteleft       | 8216  | density: 0.047 < 0.050; distinctness: 0.031 < 0.050                            
quoteright      | 8217  | density: 0.047 < 0.050; distinctness: 0.031 < 0.050                            
quotesinglbase  | 8218  | density: 0.047 < 0.050; distinctness: 0.038 < 0.050                            
quotereversed   | 8219  | density: 0.047 < 0.050; distinctness: 0.038 < 0.050                            
quotedblleft    | 8220  | readability: 0.328 < 0.400                                                     
quotedblright   | 8221  | readability: 0.328 < 0.400                                                     
quotedblbase    | 8222  | readability: 0.328 < 0.400                                                     
uni201F         | 8223  | readability: 0.328 < 0.400                                                     
dagger          | 8224  | distinctness: 0.034 < 0.050                                                    
daggerdbl       | 8225  | distinctness: 0.044 < 0.050                                                    
ellipsis        | 8230  | readability: 0.262 < 0.400                                                     
minute          | 8242  | distinctness: 0.033 < 0.050                                                    
second          | 8243  | readability: 0.373 < 0.400                                                     
overline        | 8254  | distinctness: 0.041 < 0.050                                                    
uni210E         | 8462  | distinctness: 0.047 < 0.050                                                    
arrowup         | 8593  | distinctness: 0.042 < 0.050                                                    
minus           | 8722  | distinctness: 0.012 < 0.050                                                    
bulletoperator  | 8729  | distinctness: 0.048 < 0.050                                                    
union           | 8746  | distinctness: 0.047 < 0.050                                                    
SF100000        | 9472  | distinctness: 0.047 < 0.050                                                    
uni2503         | 9475  | distinctness: 0.047 < 0.050                                                    
uni2508         | 9480  | readability: 0.190 < 0.400; distinctness: 0.048 < 0.050                        
uni2509         | 9481  | readability: 0.241 < 0.400                                                     
uni250A         | 9482  | readability: 0.375 < 0.400                                                     
SF010000        | 9484  | distinctness: 0.047 < 0.050                                                    
SF030000        | 9488  | distinctness: 0.044 < 0.050                                                    
uni2512         | 9490  | distinctness: 0.048 < 0.050                                                    
SF020000        | 9492  | distinctness: 0.044 < 0.050                                                    
uni2516         | 9494  | distinctness: 0.041 < 0.050                                                    
uni2517         | 9495  | distinctness: 0.045 < 0.050                                                    
SF040000        | 9496  | distinctness: 0.041 < 0.050                                                    
uni2519         | 9497  | distinctness: 0.044 < 0.050                                                    
uni251A         | 9498  | distinctness: 0.042 < 0.050                                                    
uni251B         | 9499  | distinctness: 0.044 < 0.050                                                    
uni251E         | 9502  | distinctness: 0.041 < 0.050                                                    
uni251F         | 9503  | distinctness: 0.044 < 0.050                                                    
uni2520         | 9504  | distinctness: 0.041 < 0.050                                                    
uni2521         | 9505  | distinctness: 0.042 < 0.050                                                    
uni2522         | 9506  | distinctness: 0.045 < 0.050                                                    
uni2523         | 9507  | distinctness: 0.041 < 0.050                                                    
SF090000        | 9508  | distinctness: 0.045 < 0.050                                                    
uni2525         | 9509  | distinctness: 0.047 < 0.050                                                    
uni2526         | 9510  | distinctness: 0.041 < 0.050                                                    
uni2527         | 9511  | distinctness: 0.042 < 0.050                                                    
uni2528         | 9512  | distinctness: 0.041 < 0.050                                                    
uni2529         | 9513  | distinctness: 0.042 < 0.050                                                    
uni252A         | 9514  | distinctness: 0.045 < 0.050                                                    
uni252B         | 9515  | distinctness: 0.042 < 0.050                                                    
SF060000        | 9516  | distinctness: 0.045 < 0.050                                                    
uni252D         | 9517  | distinctness: 0.042 < 0.050                                                    
uni252E         | 9518  | distinctness: 0.044 < 0.050                                                    
uni252F         | 9519  | distinctness: 0.047 < 0.050                                                    
uni2530         | 9520  | distinctness: 0.044 < 0.050                                                    
uni2531         | 9521  | distinctness: 0.041 < 0.050                                                    
uni2532         | 9522  | distinctness: 0.039 < 0.050                                                    
uni2533         | 9523  | distinctness: 0.041 < 0.050                                                    
SF070000        | 9524  | distinctness: 0.038 < 0.050                                                    
uni2535         | 9525  | distinctness: 0.038 < 0.050                                                    
uni2536         | 9526  | distinctness: 0.039 < 0.050                                                    
uni2537         | 9527  | distinctness: 0.041 < 0.050                                                    
uni2538         | 9528  | distinctness: 0.031 < 0.050                                                    
uni2539         | 9529  | distinctness: 0.034 < 0.050                                                    
uni253A         | 9530  | distinctness: 0.033 < 0.050                                                    
uni253B         | 9531  | distinctness: 0.034 < 0.050                                                    
SF050000        | 9532  | distinctness: 0.038 < 0.050                                                    
uni253D         | 9533  | distinctness: 0.038 < 0.050                                                    
uni253E         | 9534  | distinctness: 0.039 < 0.050                                                    
uni253F         | 9535  | distinctness: 0.039 < 0.050                                                    
uni2540         | 9536  | distinctness: 0.031 < 0.050                                                    
uni2541         | 9537  | distinctness: 0.034 < 0.050                                                    
uni2542         | 9538  | distinctness: 0.031 < 0.050                                                    
uni2543         | 9539  | distinctness: 0.034 < 0.050                                                    
uni2544         | 9540  | distinctness: 0.033 < 0.050                                                    
uni2545         | 9541  | distinctness: 0.038 < 0.050                                                    
uni2546         | 9542  | distinctness: 0.038 < 0.050                                                    
uni2547         | 9543  | distinctness: 0.034 < 0.050                                                    
uni2548         | 9544  | distinctness: 0.038 < 0.050                                                    
uni2549         | 9545  | distinctness: 0.034 < 0.050                                                    
uni254A         | 9546  | distinctness: 0.033 < 0.050                                                    
uni254B         | 9547  | distinctness: 0.034 < 0.050                                                    
SF240000        | 9553  | distinctness: 0.047 < 0.050                                                    
uni2574         | 9588  | distinctness: 0.047 < 0.050                                                    
uni257C         | 9596  | distinctness: 0.045 < 0.050                                                    
uni257E         | 9598  | distinctness: 0.045 < 0.050                                                    
uni2587         | 9607  | density: 0.875 > 0.850                                                         
block           | 9608  | density: 1.000 > 0.850                                                         
uni2589         | 9609  | density: 0.875 > 0.850                                                         
invbullet       | 9688  | density: 0.906 > 0.850                                                         
uniFFFD         | 65533 | distinctness: 0.028 < 0.050                                                    


замены:
source          | code  | replacement     | replacement_code | similarity
-------------------------------------------------------------------------
space           | 32    | space           | 32               | 1.000     
exclam          | 33    | exclam          | 33               | 1.000     
quotedbl        | 34    | quotedbl        | 34               | 1.000     
quotesingle     | 39    | quotesingle     | 39               | 1.000     
comma           | 44    | comma           | 44               | 1.000     
hyphen          | 45    | hyphen          | 45               | 1.000     
period          | 46    | period          | 46               | 1.000     
zero            | 48    | zero            | 48               | 1.000     
three           | 51    | three           | 51               | 1.000     
eight           | 56    | eight           | 56               | 1.000     
colon           | 58    | colon           | 58               | 1.000     
semicolon       | 59    | semicolon       | 59               | 1.000     
equal           | 61    | equal           | 61               | 1.000     
A               | 65    | A               | 65               | 1.000     
B               | 66    | B               | 66               | 1.000     
C               | 67    | C               | 67               | 1.000     
E               | 69    | E               | 69               | 1.000     
F               | 70    | F               | 70               | 1.000     
G               | 71    | G               | 71               | 1.000     
H               | 72    | H               | 72               | 1.000     
I               | 73    | I               | 73               | 1.000     
K               | 75    | K               | 75               | 1.000     
L               | 76    | L               | 76               | 1.000     
N               | 78    | N               | 78               | 1.000     
O               | 79    | O               | 79               | 1.000     
Q               | 81    | Q               | 81               | 1.000     
T               | 84    | T               | 84               | 1.000     
U               | 85    | U               | 85               | 1.000     
bracketleft     | 91    | bracketleft     | 91               | 1.000     
grave           | 96    | grave           | 96               | 1.000     
a               | 97    | a               | 97               | 1.000     
b               | 98    | b               | 98               | 1.000     
c               | 99    | c               | 99               | 1.000     
e               | 101   | e               | 101              | 1.000     
g               | 103   | g               | 103              | 1.000     
h               | 104   | h               | 104              | 1.000     
i               | 105   | i               | 105              | 1.000     
k               | 107   | k               | 107              | 1.000     
l               | 108   | l               | 108              | 1.000     
n               | 110   | n               | 110              | 1.000     
o               | 111   | o               | 111              | 1.000     
p               | 112   | p               | 112              | 1.000     
q               | 113   | q               | 113              | 1.000     
r               | 114   | r               | 114              | 1.000     
s               | 115   | s               | 115              | 1.000     
t               | 116   | t               | 116              | 1.000     
u               | 117   | u               | 117              | 1.000     
y               | 121   | y               | 121              | 1.000     
bar             | 124   | bar             | 124              | 1.000     
nbspace         | 160   | nbspace         | 160              | 1.000     
exclamdown      | 161   | exclamdown      | 161              | 1.000     
brokenbar       | 166   | brokenbar       | 166              | 1.000     
dieresis        | 168   | dieresis        | 168              | 1.000     
softhyphen      | 173   | softhyphen      | 173              | 1.000     
macron          | 175   | macron          | 175              | 1.000     
acute           | 180   | acute           | 180              | 1.000     
periodcentered  | 183   | periodcentered  | 183              | 1.000     
cedilla         | 184   | cedilla         | 184              | 1.000     
onesuperior     | 185   | onesuperior     | 185              | 1.000     
Agrave          | 192   | Agrave          | 192              | 1.000     
Aacute          | 193   | Aacute          | 193              | 1.000     
Acircumflex     | 194   | Acircumflex     | 194              | 1.000     
Adieresis       | 196   | Adieresis       | 196              | 1.000     
Aring           | 197   | Aring           | 197              | 1.000     
Egrave          | 200   | Egrave          | 200              | 1.000     
Eacute          | 201   | Eacute          | 201              | 1.000     
Ecircumflex     | 202   | Ecircumflex     | 202              | 1.000     
Edieresis       | 203   | Edieresis       | 203              | 1.000     
Igrave          | 204   | Igrave          | 204              | 1.000     
Iacute          | 205   | Iacute          | 205              | 1.000     
Icircumflex     | 206   | Icircumflex     | 206              | 1.000     
Ograve          | 210   | Ograve          | 210              | 1.000     
Oacute          | 211   | Oacute          | 211              | 1.000     
Ocircumflex     | 212   | Ocircumflex     | 212              | 1.000     
Otilde          | 213   | Otilde          | 213              | 1.000     
Odieresis       | 214   | Odieresis       | 214              | 1.000     
Oslash          | 216   | Oslash          | 216              | 1.000     
Ugrave          | 217   | Ugrave          | 217              | 1.000     
Uacute          | 218   | Uacute          | 218              | 1.000     
Ucircumflex     | 219   | Ucircumflex     | 219              | 1.000     
Udieresis       | 220   | Udieresis       | 220              | 1.000     
Yacute          | 221   | Yacute          | 221              | 1.000     
agrave          | 224   | agrave          | 224              | 1.000     
aacute          | 225   | aacute          | 225              | 1.000     
acircumflex     | 226   | acircumflex     | 226              | 1.000     
adieresis       | 228   | adieresis       | 228              | 1.000     
aring           | 229   | aring           | 229              | 1.000     
egrave          | 232   | egrave          | 232              | 1.000     
eacute          | 233   | eacute          | 233              | 1.000     
ecircumflex     | 234   | ecircumflex     | 234              | 1.000     
edieresis       | 235   | edieresis       | 235              | 1.000     
igrave          | 236   | igrave          | 236              | 1.000     
iacute          | 237   | iacute          | 237              | 1.000     
icircumflex     | 238   | icircumflex     | 238              | 1.000     
idieresis       | 239   | idieresis       | 239              | 1.000     
eth             | 240   | eth             | 240              | 1.000     
ograve          | 242   | ograve          | 242              | 1.000     
oacute          | 243   | oacute          | 243              | 1.000     
ocircumflex     | 244   | ocircumflex     | 244              | 1.000     
otilde          | 245   | otilde          | 245              | 1.000     
odieresis       | 246   | odieresis       | 246              | 1.000     
divide          | 247   | divide          | 247              | 1.000     
ugrave          | 249   | ugrave          | 249              | 1.000     
uacute          | 250   | uacute          | 250              | 1.000     
ucircumflex     | 251   | ucircumflex     | 251              | 1.000     
udieresis       | 252   | udieresis       | 252              | 1.000     
yacute          | 253   | yacute          | 253              | 1.000     
ydieresis       | 255   | ydieresis       | 255              | 1.000     
Amacron         | 256   | Amacron         | 256              | 1.000     
amacron         | 257   | amacron         | 257              | 1.000     
Abreve          | 258   | Abreve          | 258              | 1.000     
abreve          | 259   | abreve          | 259              | 1.000     
Cacute          | 262   | Cacute          | 262              | 1.000     
cacute          | 263   | cacute          | 263              | 1.000     
Ccircumflex     | 264   | Ccircumflex     | 264              | 1.000     
ccircumflex     | 265   | ccircumflex     | 265              | 1.000     
Cdotaccent      | 266   | Cdotaccent      | 266              | 1.000     
cdotaccent      | 267   | cdotaccent      | 267              | 1.000     
Ccaron          | 268   | Ccaron          | 268              | 1.000     
ccaron          | 269   | ccaron          | 269              | 1.000     
emacron         | 275   | emacron         | 275              | 1.000     
Ebreve          | 276   | Ebreve          | 276              | 1.000     
ebreve          | 277   | ebreve          | 277              | 1.000     
Edotaccent      | 278   | Edotaccent      | 278              | 1.000     
edotaccent      | 279   | edotaccent      | 279              | 1.000     
Ecaron          | 282   | Ecaron          | 282              | 1.000     
ecaron          | 283   | ecaron          | 283              | 1.000     
Gcircumflex     | 284   | Gcircumflex     | 284              | 1.000     
Gbreve          | 286   | Gbreve          | 286              | 1.000     
gbreve          | 287   | gbreve          | 287              | 1.000     
Gdotaccent      | 288   | Gdotaccent      | 288              | 1.000     
gdotaccent      | 289   | gdotaccent      | 289              | 1.000     
gcommaaccent    | 291   | gcommaaccent    | 291              | 1.000     
Itilde          | 296   | Itilde          | 296              | 1.000     
Imacron         | 298   | Imacron         | 298              | 1.000     
imacron         | 299   | imacron         | 299              | 1.000     
Ibreve          | 300   | Ibreve          | 300              | 1.000     
ibreve          | 301   | ibreve          | 301              | 1.000     
Iogonek         | 302   | Iogonek         | 302              | 1.000     
Idotaccent      | 304   | Idotaccent      | 304              | 1.000     
dotlessi        | 305   | dotlessi        | 305              | 1.000     
jcircumflex     | 309   | jcircumflex     | 309              | 1.000     
lacute          | 314   | lacute          | 314              | 1.000     
lcommaaccent    | 316   | lcommaaccent    | 316              | 1.000     
lcaron          | 318   | lcaron          | 318              | 1.000     
ldot            | 320   | ldot            | 320              | 1.000     
lslash          | 322   | lslash          | 322              | 1.000     
Nacute          | 323   | Nacute          | 323              | 1.000     
nacute          | 324   | nacute          | 324              | 1.000     
eng             | 331   | eng             | 331              | 1.000     
Omacron         | 332   | Omacron         | 332              | 1.000     
omacron         | 333   | omacron         | 333              | 1.000     
Obreve          | 334   | Obreve          | 334              | 1.000     
obreve          | 335   | obreve          | 335              | 1.000     
Ohungarumlaut   | 336   | Ohungarumlaut   | 336              | 1.000     
ohungarumlaut   | 337   | ohungarumlaut   | 337              | 1.000     
sacute          | 347   | sacute          | 347              | 1.000     
Tbar            | 358   | Tbar            | 358              | 1.000     
Utilde          | 360   | Utilde          | 360              | 1.000     
utilde          | 361   | utilde          | 361              | 1.000     
Umacron         | 362   | Umacron         | 362              | 1.000     
umacron         | 363   | umacron         | 363              | 1.000     
Ubreve          | 364   | Ubreve          | 364              | 1.000     
ubreve          | 365   | ubreve          | 365              | 1.000     
Uring           | 366   | Uring           | 366              | 1.000     
uring           | 367   | uring           | 367              | 1.000     
Uhungarumlaut   | 368   | Uhungarumlaut   | 368              | 1.000     
uhungarumlaut   | 369   | uhungarumlaut   | 369              | 1.000     
uni0186         | 390   | uni0186         | 390              | 1.000     
Schwa           | 399   | Schwa           | 399              | 1.000     
uni0190         | 400   | uni0190         | 400              | 1.000     
uni019E         | 414   | uni019E         | 414              | 1.000     
Tcommaaccent    | 538   | Tcommaaccent    | 538              | 1.000     
uni0233         | 563   | uni0233         | 563              | 1.000     
uni0254         | 596   | uni0254         | 596              | 1.000     
uni0258         | 600   | uni0258         | 600              | 1.000     
schwa           | 601   | schwa           | 601              | 1.000     
uni025B         | 603   | uni025B         | 603              | 1.000     
commaturnedmod  | 699   | commaturnedmod  | 699              | 1.000     
afii57929       | 700   | afii57929       | 700              | 1.000     
afii64937       | 701   | afii64937       | 701              | 1.000     
circumflex      | 710   | circumflex      | 710              | 1.000     
caron           | 711   | caron           | 711              | 1.000     
breve           | 728   | breve           | 728              | 1.000     
dotaccent       | 729   | dotaccent       | 729              | 1.000     
tilde           | 732   | tilde           | 732              | 1.000     
hungarumlaut    | 733   | hungarumlaut    | 733              | 1.000     
gravecomb       | 768   | gravecomb       | 768              | 1.000     
acutecomb       | 769   | acutecomb       | 769              | 1.000     
uni0302         | 770   | uni0302         | 770              | 1.000     
tildecomb       | 771   | tildecomb       | 771              | 1.000     
uni0306         | 774   | uni0306         | 774              | 1.000     
uni030C         | 780   | uni030C         | 780              | 1.000     
uni0329         | 809   | uni0329         | 809              | 1.000     
tonos           | 900   | tonos           | 900              | 1.000     
dieresistonos   | 901   | dieresistonos   | 901              | 1.000     
Alphatonos      | 902   | Alphatonos      | 902              | 1.000     
anoteleia       | 903   | anoteleia       | 903              | 1.000     
Epsilontonos    | 904   | Epsilontonos    | 904              | 1.000     
Iotatonos       | 906   | Iotatonos       | 906              | 1.000     
Omicrontonos    | 908   | Omicrontonos    | 908              | 1.000     
Alpha           | 913   | Alpha           | 913              | 1.000     
Beta            | 914   | Beta            | 914              | 1.000     
Gamma           | 915   | Gamma           | 915              | 1.000     
Epsilon         | 917   | Epsilon         | 917              | 1.000     
Eta             | 919   | Eta             | 919              | 1.000     
Theta           | 920   | Theta           | 920              | 1.000     
Iota            | 921   | Iota            | 921              | 1.000     
Kappa           | 922   | Kappa           | 922              | 1.000     
Nu              | 925   | Nu              | 925              | 1.000     
Omicron         | 927   | Omicron         | 927              | 1.000     
Pi              | 928   | Pi              | 928              | 1.000     
Tau             | 932   | Tau             | 932              | 1.000     
epsilontonos    | 941   | epsilontonos    | 941              | 1.000     
etatonos        | 942   | etatonos        | 942              | 1.000     
iotatonos       | 943   | iotatonos       | 943              | 1.000     
delta           | 948   | delta           | 948              | 1.000     
epsilon         | 949   | epsilon         | 949              | 1.000     
eta             | 951   | eta             | 951              | 1.000     
omicron         | 959   | omicron         | 959              | 1.000     
pi              | 960   | pi              | 960              | 1.000     
rho             | 961   | rho             | 961              | 1.000     
upsilon         | 965   | upsilon         | 965              | 1.000     
upsilondieresis | 971   | upsilondieresis | 971              | 1.000     
omicrontonos    | 972   | omicrontonos    | 972              | 1.000     
upsilontonos    | 973   | upsilontonos    | 973              | 1.000     
uni03F4         | 1012  | uni03F4         | 1012             | 1.000     
uni0400         | 1024  | uni0400         | 1024             | 1.000     
afii10023       | 1025  | afii10023       | 1025             | 1.000     
afii10055       | 1030  | afii10055       | 1030             | 1.000     
afii10061       | 1036  | afii10061       | 1036             | 1.000     
afii10017       | 1040  | afii10017       | 1040             | 1.000     
afii10018       | 1041  | afii10018       | 1041             | 1.000     
afii10019       | 1042  | afii10019       | 1042             | 1.000     
afii10020       | 1043  | afii10020       | 1043             | 1.000     
afii10022       | 1045  | afii10022       | 1045             | 1.000     
afii10025       | 1047  | afii10025       | 1047             | 1.000     
afii10026       | 1048  | afii10026       | 1048             | 1.000     
afii10028       | 1050  | afii10028       | 1050             | 1.000     
afii10031       | 1053  | afii10031       | 1053             | 1.000     
afii10032       | 1054  | afii10032       | 1054             | 1.000     
afii10033       | 1055  | afii10033       | 1055             | 1.000     
afii10035       | 1057  | afii10035       | 1057             | 1.000     
afii10036       | 1058  | afii10036       | 1058             | 1.000     
afii10065       | 1072  | afii10065       | 1072             | 1.000     
afii10068       | 1075  | afii10068       | 1075             | 1.000     
afii10069       | 1076  | afii10069       | 1076             | 1.000     
afii10070       | 1077  | afii10070       | 1077             | 1.000     
afii10073       | 1079  | afii10073       | 1079             | 1.000     
afii10074       | 1080  | afii10074       | 1080             | 1.000     
afii10075       | 1081  | afii10075       | 1081             | 1.000     
afii10079       | 1085  | afii10079       | 1085             | 1.000     
afii10080       | 1086  | afii10080       | 1086             | 1.000     
afii10081       | 1087  | afii10081       | 1087             | 1.000     
afii10082       | 1088  | afii10082       | 1088             | 1.000     
afii10083       | 1089  | afii10083       | 1089             | 1.000     
afii10085       | 1091  | afii10085       | 1091             | 1.000     
afii10088       | 1094  | afii10088       | 1094             | 1.000     
afii10095       | 1101  | afii10095       | 1101             | 1.000     
uni0450         | 1104  | uni0450         | 1104             | 1.000     
afii10071       | 1105  | afii10071       | 1105             | 1.000     
afii10101       | 1108  | afii10101       | 1108             | 1.000     
afii10102       | 1109  | afii10102       | 1109             | 1.000     
afii10103       | 1110  | afii10103       | 1110             | 1.000     
afii10104       | 1111  | afii10104       | 1111             | 1.000     
afii10109       | 1116  | afii10109       | 1116             | 1.000     
uni045D         | 1117  | uni045D         | 1117             | 1.000     
afii10110       | 1118  | afii10110       | 1118             | 1.000     
uni04B0         | 1200  | uni04B0         | 1200             | 1.000     
uni04D0         | 1232  | uni04D0         | 1232             | 1.000     
uni04D1         | 1233  | uni04D1         | 1233             | 1.000     
uni04D2         | 1234  | uni04D2         | 1234             | 1.000     
uni04D3         | 1235  | uni04D3         | 1235             | 1.000     
uni04D6         | 1238  | uni04D6         | 1238             | 1.000     
uni04D7         | 1239  | uni04D7         | 1239             | 1.000     
uni04D8         | 1240  | uni04D8         | 1240             | 1.000     
afii10846       | 1241  | afii10846       | 1241             | 1.000     
uni04DA         | 1242  | uni04DA         | 1242             | 1.000     
uni04DB         | 1243  | uni04DB         | 1243             | 1.000     
uni04E3         | 1251  | uni04E3         | 1251             | 1.000     
uni04E5         | 1253  | uni04E5         | 1253             | 1.000     
uni04E6         | 1254  | uni04E6         | 1254             | 1.000     
uni04E7         | 1255  | uni04E7         | 1255             | 1.000     
uni04E8         | 1256  | uni04E8         | 1256             | 1.000     
uni04E9         | 1257  | uni04E9         | 1257             | 1.000     
uni04EA         | 1258  | uni04EA         | 1258             | 1.000     
uni04EB         | 1259  | uni04EB         | 1259             | 1.000     
uni04ED         | 1261  | uni04ED         | 1261             | 1.000     
uni04EF         | 1263  | uni04EF         | 1263             | 1.000     
uni04F1         | 1265  | uni04F1         | 1265             | 1.000     
uni04F3         | 1267  | uni04F3         | 1267             | 1.000     
Klinebelow      | 7732  | Klinebelow      | 7732             | 1.000     
Edotbelow       | 7864  | Edotbelow       | 7864             | 1.000     
edotbelow       | 7865  | edotbelow       | 7865             | 1.000     
Etilde          | 7868  | Etilde          | 7868             | 1.000     
etilde          | 7869  | etilde          | 7869             | 1.000     
uni1ECA         | 7882  | uni1ECA         | 7882             | 1.000     
uni1ECB         | 7883  | uni1ECB         | 7883             | 1.000     
Odotbelow       | 7884  | Odotbelow       | 7884             | 1.000     
odotbelow       | 7885  | odotbelow       | 7885             | 1.000     
uni1EE4         | 7908  | uni1EE4         | 7908             | 1.000     
uni1EE5         | 7909  | uni1EE5         | 7909             | 1.000     
ytilde          | 7929  | ytilde          | 7929             | 1.000     
uni2000         | 8192  | uni2000         | 8192             | 1.000     
uni2001         | 8193  | uni2001         | 8193             | 1.000     
enspace         | 8194  | enspace         | 8194             | 1.000     
uni2003         | 8195  | uni2003         | 8195             | 1.000     
uni2004         | 8196  | uni2004         | 8196             | 1.000     
uni2005         | 8197  | uni2005         | 8197             | 1.000     
uni2006         | 8198  | uni2006         | 8198             | 1.000     
uni2007         | 8199  | uni2007         | 8199             | 1.000     
uni2008         | 8200  | uni2008         | 8200             | 1.000     
uni2009         | 8201  | uni2009         | 8201             | 1.000     
uni200A         | 8202  | uni200A         | 8202             | 1.000     
hyphentwo       | 8208  | hyphentwo       | 8208             | 1.000     
uni2011         | 8209  | uni2011         | 8209             | 1.000     
figuredash      | 8210  | figuredash      | 8210             | 1.000     
endash          | 8211  | endash          | 8211             | 1.000     
emdash          | 8212  | emdash          | 8212             | 1.000     
afii00208       | 8213  | afii00208       | 8213             | 1.000     
underscoredbl   | 8215  | underscoredbl   | 8215             | 1.000     
quoteleft       | 8216  | quoteleft       | 8216             | 1.000     
quoteright      | 8217  | quoteright      | 8217             | 1.000     
quotesinglbase  | 8218  | quotesinglbase  | 8218             | 1.000     
quotereversed   | 8219  | quotereversed   | 8219             | 1.000     
quotedblleft    | 8220  | quotedblleft    | 8220             | 1.000     
quotedblright   | 8221  | quotedblright   | 8221             | 1.000     
quotedblbase    | 8222  | quotedblbase    | 8222             | 1.000     
uni201F         | 8223  | uni201F         | 8223             | 1.000     
dagger          | 8224  | dagger          | 8224             | 1.000     
daggerdbl       | 8225  | daggerdbl       | 8225             | 1.000     
ellipsis        | 8230  | ellipsis        | 8230             | 1.000     
minute          | 8242  | minute          | 8242             | 1.000     
second          | 8243  | second          | 8243             | 1.000     
overline        | 8254  | overline        | 8254             | 1.000     
uni210E         | 8462  | uni210E         | 8462             | 1.000     
arrowup         | 8593  | arrowup         | 8593             | 1.000     
minus           | 8722  | minus           | 8722             | 1.000     
bulletoperator  | 8729  | bulletoperator  | 8729             | 1.000     
union           | 8746  | union           | 8746             | 1.000     
SF100000        | 9472  | SF100000        | 9472             | 1.000     
uni2503         | 9475  | uni2503         | 9475             | 1.000     
uni2508         | 9480  | uni2508         | 9480             | 1.000     
uni2509         | 9481  | uni2509         | 9481             | 1.000     
uni250A         | 9482  | uni250A         | 9482             | 1.000     
SF010000        | 9484  | SF010000        | 9484             | 1.000     
SF030000        | 9488  | SF030000        | 9488             | 1.000     
uni2512         | 9490  | uni2512         | 9490             | 1.000     
SF020000        | 9492  | SF020000        | 9492             | 1.000     
uni2516         | 9494  | uni2516         | 9494             | 1.000     
uni2517         | 9495  | uni2517         | 9495             | 1.000     
SF040000        | 9496  | SF040000        | 9496             | 1.000     
uni2519         | 9497  | uni2519         | 9497             | 1.000     
uni251A         | 9498  | uni251A         | 9498             | 1.000     
uni251B         | 9499  | uni251B         | 9499             | 1.000     
uni251E         | 9502  | uni251E         | 9502             | 1.000     
uni251F         | 9503  | uni251F         | 9503             | 1.000     
uni2520         | 9504  | uni2520         | 9504             | 1.000     
uni2521         | 9505  | uni2521         | 9505             | 1.000     
uni2522         | 9506  | uni2522         | 9506             | 1.000     
uni2523         | 9507  | uni2523         | 9507             | 1.000     
SF090000        | 9508  | SF090000        | 9508             | 1.000     
uni2525         | 9509  | uni2525         | 9509             | 1.000     
uni2526         | 9510  | uni2526         | 9510             | 1.000     
uni2527         | 9511  | uni2527         | 9511             | 1.000     
uni2528         | 9512  | uni2528         | 9512             | 1.000     
uni2529         | 9513  | uni2529         | 9513             | 1.000     
uni252A         | 9514  | uni252A         | 9514             | 1.000     
uni252B         | 9515  | uni252B         | 9515             | 1.000     
SF060000        | 9516  | SF060000        | 9516             | 1.000     
uni252D         | 9517  | uni252D         | 9517             | 1.000     
uni252E         | 9518  | uni252E         | 9518             | 1.000     
uni252F         | 9519  | uni252F         | 9519             | 1.000     
uni2530         | 9520  | uni2530         | 9520             | 1.000     
uni2531         | 9521  | uni2531         | 9521             | 1.000     
uni2532         | 9522  | uni2532         | 9522             | 1.000     
uni2533         | 9523  | uni2533         | 9523             | 1.000     
SF070000        | 9524  | SF070000        | 9524             | 1.000     
uni2535         | 9525  | uni2535         | 9525             | 1.000     
uni2536         | 9526  | uni2536         | 9526             | 1.000     
uni2537         | 9527  | uni2537         | 9527             | 1.000     
uni2538         | 9528  | uni2538         | 9528             | 1.000     
uni2539         | 9529  | uni2539         | 9529             | 1.000     
uni253A         | 9530  | uni253A         | 9530             | 1.000     
uni253B         | 9531  | uni253B         | 9531             | 1.000     
SF050000        | 9532  | SF050000        | 9532             | 1.000     
uni253D         | 9533  | uni253D         | 9533             | 1.000     
uni253E         | 9534  | uni253E         | 9534             | 1.000     
uni253F         | 9535  | uni253F         | 9535             | 1.000     
uni2540         | 9536  | uni2540         | 9536             | 1.000     
uni2541         | 9537  | uni2541         | 9537             | 1.000     
uni2542         | 9538  | uni2542         | 9538             | 1.000     
uni2543         | 9539  | uni2543         | 9539             | 1.000     
uni2544         | 9540  | uni2544         | 9540             | 1.000     
uni2545         | 9541  | uni2545         | 9541             | 1.000     
uni2546         | 9542  | uni2546         | 9542             | 1.000     
uni2547         | 9543  | uni2547         | 9543             | 1.000     
uni2548         | 9544  | uni2548         | 9544             | 1.000     
uni2549         | 9545  | uni2549         | 9545             | 1.000     
uni254A         | 9546  | uni254A         | 9546             | 1.000     
uni254B         | 9547  | uni254B         | 9547             | 1.000     
SF240000        | 9553  | SF240000        | 9553             | 1.000     
uni2574         | 9588  | uni2574         | 9588             | 1.000     
uni257C         | 9596  | uni257C         | 9596             | 1.000     
uni257E         | 9598  | uni257E         | 9598             | 1.000     
uni2587         | 9607  | uni2587         | 9607             | 1.000     
block           | 9608  | block           | 9608             | 1.000     
uni2589         | 9609  | uni2589         | 9609             | 1.000     
invbullet       | 9688  | invbullet       | 9688             | 1.000     
uniFFFD         | 65533 | uniFFFD         | 65533            | 1.000     
